T_K,Bx_T,C_full,C_reduced,ratio_full_reduced,rel_err,sign_agree,klass_full
20.0,0.0,-0.7760861200962301,-0.1683081010058141,4.611103776100598,3.611103776100598,True,absorption
20.0,0.05,-17.695459478479528,-14.793312805023238,1.1961796327642604,0.19617963276426043,True,absorption
20.0,0.1,-39.698953095567425,-8.410023926808734,4.720432835989753,3.7204328359897527,True,absorption
20.0,0.15,-5.383335242454614,0.7864342092243495,-6.845245513625524,7.845245513625524,False,absorption
20.0,0.2,-1.6728287002662736,0.9993960555500416,-1.6738396064066834,2.6738396064066836,False,absorption
20.0,0.23226114680059184,-1.5283330939901922,0.9993521459318151,-1.529323872682682,2.5293238726826823,False,absorption
20.0,0.3,-1.2239448390146368,0.9991868943079916,-1.2249408453883956,2.224940845388396,False,absorption
20.0,0.4,0.9987922628269649,0.9987805531405187,1.0000117239832207,1.1723983220667614e-05,True,ATS
20.0,0.5,0.9981823530374772,0.9981646999715432,1.000017685524177,1.7685524176956585e-05,True,ATS
25.0,0.0,-0.04182304520339471,-0.04221518595485563,0.990710907873762,0.009289092126237953,True,unresolved
25.0,0.05,-16.28442889183812,-7.2711628490935505,2.2395907270689444,1.2395907270689446,True,absorption
25.0,0.1,-46.54670970281406,-2.0750984270810795,22.43108524171965,21.43108524171965,True,absorption
25.0,0.15,-8.152677589903538,0.8601612035687006,-9.478081034205106,10.478081034205106,False,absorption
25.0,0.2,0.9979031587586034,0.9978884390815097,1.000014750824358,1.4750824357884917e-05,True,transparency
25.0,0.23226114680059184,0.9978039781898607,0.9977877598570467,1.0000162542912094,1.625429120946418e-05,True,transparency
25.0,0.3,0.9973035847810275,0.9972827500010557,1.0000208915475293,2.0891547529336506e-05,True,transparency
25.0,0.4,0.9960477610239207,0.9959777643655582,1.000070279338422,7.027933842185764e-05,True,transparency
25.0,0.5,0.9940227641802313,0.9939750856699227,1.0000479675104497,4.796751044971073e-05,True,transparency
30.0,0.0,-0.012526207113878607,-0.01277822529847603,0.9802775284743588,0.019722471525641248,True,absorption
30.0,0.05,-12.676757512103011,-1.9025095668174148,6.663176749912033,5.663176749912033,True,absorption
30.0,0.1,-26.012333499429417,0.06594932881219624,-394.4290862080596,395.4290862080595,False,absorption
30.0,0.15,-3.3728665690644895,0.9327459782771292,-3.616061229547723,4.616061229547723,False,absorption
30.0,0.2,0.9923819338848824,0.9923467553387307,1.0000354498525463,3.544985254639196e-05,True,transparency
30.0,0.23226114680059184,0.9922171859524048,0.9921784835715453,1.0000390074784935,3.900747849343669e-05,True,transparency
30.0,0.3,0.9906906349830787,0.9906410498700375,1.0000500535618302,5.0053561830202014e-05,True,transparency
30.0,0.4,0.9866904556467772,0.9863996367084285,1.000294828715995,0.0002948287159950224,True,transparency
30.0,0.5,0.9869287393823564,0.979826409473836,1.0072485593773026,0.007248559377302622,True,transparency
40.0,0.0,-0.020131510909285485,-0.0005526638120749741,36.42632368799724,35.42632368799724,True,absorption
40.0,0.05,-2.893153811488672,0.131539511195996,-21.994561065213524,22.994561065213524,False,absorption
40.0,0.1,-2.6159954447273757,0.6167299954195724,-4.241719170716948,5.241719170716948,False,absorption
40.0,0.15,0.896982629125028,0.8943472763560869,1.0029466772456428,0.0029466772456428207,True,transparency
40.0,0.2,0.9221218833481395,0.9176208388906545,1.004905124498836,0.004905124498836014,True,transparency
40.0,0.23226114680059184,0.9250972996703776,0.9165158451015509,1.0093631273421966,0.009363127342196475,True,transparency
40.0,0.3,0.9261194248699626,0.9042782748285796,1.0241531292405794,0.024153129240579538,True,transparency
40.0,0.4,0.9205572979667695,0.8692183917305781,1.0590632995396907,0.059063299539690785,True,transparency
40.0,0.5,0.909062894413482,0.8190442633996564,1.1099069183882442,0.10990691838824414,True,transparency
50.0,0.0,0.0014582608088408427,0.0013539853775358817,1.0770137056389277,0.07701370563892783,True,unresolved
50.0,0.05,-0.2513975097733262,0.2100764806747671,-1.1966951700915573,2.1966951700915573,False,absorption
50.0,0.1,0.4504958965529664,0.4419281489551256,1.0193871959007317,0.019387195900731773,True,transparency
50.0,0.15,0.552312784478436,0.5473953567417528,1.0089833201471659,0.008983320147165885,True,transparency
50.0,0.2,0.5697023456423562,0.55345414664436,1.0293578051524421,0.02935780515244209,True,transparency
50.0,0.23226114680059184,0.5801224561261223,0.5460477655779928,1.062402399013686,0.062402399013685855,True,transparency
50.0,0.3,0.5887819980023771,0.508129176601331,1.1587250351190224,0.15872503511902228,True,transparency
50.0,0.4,0.5858207291480012,0.4264738322878792,1.3736381573642702,0.3736381573642702,True,transparency
50.0,0.5,0.5711927934035373,0.34528394139099833,1.6542697905452852,0.6542697905452852,True,transparency
60.0,0.0,0.00038524544522473527,0.0003403914664226796,1.1317717487851426,0.13177174878514264,True,transparency
60.0,0.05,0.06100761934134454,0.06094439608353774,1.001037392473627,0.0010373924736269992,True,transparency
60.0,0.1,0.1105924465689456,0.11050132359946285,1.0008246323800885,0.0008246323800883963,True,transparency
60.0,0.15,0.12199673843665877,0.121902460026087,1.0007733921903759,0.0007733921903758033,True,transparency
60.0,0.2,0.12947119846896127,0.12359013183228303,1.0475852444648177,0.04758524446481775,True,transparency
60.0,0.23226114680059184,0.13235223083541553,0.12048829826142572,1.0984654339481865,0.09846543394818649,True,transparency
60.0,0.3,0.13703099019405482,0.10593751409603104,1.2935076999242963,0.2935076999242962,True,transparency
60.0,0.4,0.13603629034696388,0.08232572550996824,1.6524153234518681,0.6524153234518681,True,transparency
60.0,0.5,0.132017729658888,0.06452564476181548,2.0459730413575428,1.0459730413575425,True,transparency
70.0,0.0,4.146316513429846e-05,-6.343033942758713e-07,-65.36803288217199,66.36803288217199,False,unresolved
70.0,0.05,0.00664094712494651,0.006604558482316334,1.0055096253182716,0.005509625318271623,True,transparency
70.0,0.1,0.011534679951804655,0.011460462783997183,1.0064759311387588,0.00647593113875869,True,transparency
70.0,0.15,0.01256161828756131,0.012493674286674836,1.0054382721469648,0.0054382721469647555,True,transparency
70.0,0.2,0.013413390288057873,0.013373543189242899,1.0029795468748346,0.002979546874834613,True,transparency
70.0,0.23226114680059184,0.013871069386762093,0.013600149740747292,1.019920342877042,0.01992034287704203,True,transparency
70.0,0.3,0.01425963068517137,0.012980083728683684,1.0985777120728515,0.09857771207285153,True,transparency
70.0,0.4,0.014132328384625328,0.011237961409460696,1.257552670783155,0.2575526707831551,True,transparency
70.0,0.5,0.013787992701560272,0.009643926503742623,1.4297073599855221,0.4297073599855222,True,transparency
80.0,0.0,-1.446334806498283e-05,-1.1691641654405573e-05,1.2370673419957956,0.23706734199579568,True,absorption
80.0,0.05,0.0006159832978769588,0.000573018861150081,1.0749790969195077,0.0749790969195076,True,transparency
80.0,0.1,0.0010603774096813135,0.0009656368918696806,1.098111949335526,0.09811194933552603,True,transparency
80.0,0.15,0.0011636167374938393,0.0010552230795520957,1.102721083382438,0.10272108338243784,True,transparency
80.0,0.2,0.0012456410830587784,0.0011810595135648095,1.054681045918712,0.05468104591871189,True,transparency
80.0,0.23226114680059184,0.0012943264434896774,0.0012606910163124275,1.0266801513947763,0.02668015139477626,True,transparency
80.0,0.3,0.0013508654555312732,0.0013469654423499428,1.0028954070080123,0.0028954070080123035,True,transparency
80.0,0.4,0.0013714190422098784,0.0013576133693673274,1.010169075492373,0.010169075492372814,True,transparency
80.0,0.5,0.0013570480562637636,0.001309456936490573,1.0363441656208547,0.0363441656208548,True,transparency
90.0,0.0,-5.122259346429246e-06,-4.839319382151013e-06,1.0584668921257414,0.05846689212574152,True,absorption
90.0,0.05,6.911038817993152e-05,5.0634529377343695e-05,1.3648865513274586,0.36488655132745856,True,transparency
90.0,0.1,0.00011844772252055468,7.791161312055939e-05,1.5202832771190382,0.5202832771190382,True,transparency
90.0,0.15,0.0001304343675146442,8.265166027700166e-05,1.5781215655862435,0.5781215655862436,True,transparency
90.0,0.2,0.00014004160822546555,9.638518738601185e-05,1.452937033411728,0.45293703341172786,True,transparency
90.0,0.23226114680059184,0.00014579834965927464,0.00010751350999749633,1.3560932915562878,0.3560932915562877,True,transparency
90.0,0.3,0.0001541035258967755,0.00012537069497186714,1.2291829915384607,0.22918299153846075,True,transparency
90.0,0.4,0.0001597871406746909,0.00014134922857780643,1.130442254849203,0.13044225484920308,True,transparency
90.0,0.5,0.0001610878271395349,0.00014954246818398267,1.077204549956658,0.07720454995665797,True,transparency
100.0,0.0,-1.8652261953022199e-06,-1.8415320697762956e-06,1.012866528861918,0.012866528861917997,True,absorption
100.0,0.05,9.805281773224406e-06,2.7024889792163457e-06,3.6282411690232657,2.6282411690232657,True,unresolved
100.0,0.1,1.681040382610448e-05,1.1953307244137789e-06,14.063391396844365,13.063391396844365,True,unresolved
100.0,0.15,-1.9591368962460627e-05,3.5833229501470336e-08,-546.737462266881,547.737462266881,False,absorption
100.0,0.2,-2.0147724673925704e-05,1.2842016096955095e-06,-15.688910932530936,16.688910932530938,False,absorption
100.0,0.23226114680059184,2.0777754456207517e-05,2.725627096739032e-06,7.623109735394925,6.623109735394925,True,unresolved
100.0,0.3,2.204998868237796e-05,5.395466467810544e-06,4.086762250109163,3.0867622501091634,True,unresolved
100.0,0.4,2.2988463905946658e-05,8.369990153736252e-06,2.7465341635658813,1.7465341635658813,True,unresolved
100.0,0.5,2.3359585402901136e-05,1.0465707005292675e-05,2.2320121699458833,1.2320121699458835,True,unresolved
105.0,0.0,-1.1552819788548522e-06,-1.1550396337960096e-06,1.0002098153619596,0.0002098153619595384,True,absorption
105.0,0.05,-4.379718742386256e-06,-4.545215962596262e-07,9.63588700389173,8.63588700389173,True,absorption
105.0,0.1,-9.879291728882975e-06,-2.927984302129668e-06,3.3740931335244104,2.3740931335244104,True,absorption
105.0,0.15,-1.1984098926745855e-05,-4.032662724148777e-06,2.971758301278588,1.9717583012785882,True,absorption
105.0,0.2,-1.2518343702943401e-05,-3.782959435940673e-06,3.309140347636475,2.3091403476364754,True,absorption
105.0,0.23226114680059184,-1.2491017856364563e-05,-3.2779125087633898e-06,3.8106623721561337,2.8106623721561337,True,absorption
105.0,0.3,-1.2251504853986688e-05,-2.263795052975338e-06,5.411931984692854,4.411931984692855,True,absorption
105.0,0.4,-1.184445548897044e-05,-1.0475596527074977e-06,11.306712184225063,10.306712184225063,True,absorption
105.0,0.5,-1.1545272087154e-05,-1.3239901215499256e-07,87.20059084457938,86.2005908445794,True,absorption
110.0,0.0,-7.209227211851621e-07,-7.368317127355578e-07,0.9784089212293373,0.021591078770662634,True,unresolved
110.0,0.05,-2.8100538006427927e-06,-1.1280043271546913e-06,2.491172890915187,1.4911728909151871,True,absorption
110.0,0.1,-6.249200426156823e-06,-3.2980400289998207e-06,1.894822491906499,0.8948224919064991,True,absorption
110.0,0.15,-7.539889606714237e-06,-4.146605038611128e-06,1.8183283762274265,0.8183283762274266,True,absorption
110.0,0.2,-7.889882695998622e-06,-4.195500615133908e-06,1.8805581073062958,0.8805581073062957,True,absorption
110.0,0.23226114680059184,-7.93363732681923e-06,-4.032415705928772e-06,1.9674651388631827,0.9674651388631829,True,absorption
110.0,0.3,-7.907079679389684e-06,-3.6567347793545613e-06,2.162333381144294,1.1623333811442944,True,absorption
110.0,0.4,-7.79728665206155e-06,-3.163995624205781e-06,2.4643797205057156,1.464379720505716,True,absorption
110.0,0.5,-7.696781380590462e-06,-2.77169176251499e-06,2.7769254448433047,1.7769254448433047,True,absorption
