T_K,Bx_T,Bz_T,Oc_GHz,Cmax,center_MHz,fwhm_MHz,Acut_peak,Acut_at_peak,Afull_at_peak,dA_at_peak,delta_aic,verdict,best_model,klass,reason,half_MHz,attempts,at_edge,window_ok,status,seconds
20.0,0.0,0.005,0.1,-0.7760861200962301,0.11562500000000012,0.12187500000000014,0.001609514555427736,0.001609164389559175,0.002858014537249174,-0.0012488501476899988,-4.296589483923299,inconclusive,Fano,absorption,sign reversed: control increases absorption,0.2500000000000002,2,False,True,ok,4.9144415855407715
20.0,0.05,0.005,0.1,-17.695459478479528,0.3125000000000003,1.3750000000000004,0.001378752507377546,0.001373887282756441,0.025685454022771385,-0.024311566740014945,-2.5988470554215155,inconclusive,Fano,absorption,sign reversed: control increases absorption,5.0,1,False,True,ok,2.108067274093628
20.0,0.1,0.005,0.1,-39.698953095567425,0.7499999999999998,0.9374999999999999,0.0030992827887317935,0.003096000242258979,0.12600396864356359,-0.12290796840130461,-20.160938411560892,robust ATS,Fano,absorption,sign reversed: control increases absorption,5.0,1,False,True,ok,2.049692153930664
20.0,0.15000000000000002,0.005,0.1,-5.383335242464523,4.249999999999999,2.3750000000000004,0.0734140633622218,0.07175279501052069,0.45802214513598927,-0.3862693501254686,-2.3730669028547027,inconclusive,Fano,absorption,sign reversed: control increases absorption,5.0,1,False,True,ok,2.981236219406128
20.0,0.2,0.005,0.1,-1.6728287002662736,-38.25000000000001,117.0,2.3952978842667303,0.8322423387034946,2.2244412084634253,-1.3921988697599308,-351.04098994223773,robust ATS,ATS,absorption,sign reversed: control increases absorption,180.0,3,False,True,ok,6.671474933624268
20.0,0.23226114680059184,0.005,0.1,-1.5283330939901922,-36.00000000000001,112.5,2.0373335110666724,0.7648189913759161,1.9337171668079283,-1.168898175432012,-338.11593204247015,robust ATS,ATS,absorption,sign reversed: control increases absorption,180.0,3,False,True,ok,6.119495868682861
20.0,0.25,0.005,0.1,-1.4536099518846703,-36.00000000000001,112.5,1.8792885844990768,0.7054843406495956,1.7309833991166428,-1.0254990584670471,-94.2949375623366,robust ATS,ATS,absorption,sign reversed: control increases absorption,180.0,3,False,True,ok,5.58763861656189
20.0,0.30000000000000004,0.005,0.1,-1.223944839014855,-33.75,107.99999999999999,1.5369868913585596,0.6241848906652132,1.3881527661859525,-0.7639678755207393,-304.44427270241226,robust ATS,ATS,absorption,sign reversed: control increases absorption,180.0,3,False,True,ok,5.887612342834473
20.0,0.35000000000000003,0.005,0.1,-1.0146439059012324,-31.5,103.49999999999999,1.2905377945795797,0.5675361272365202,1.143383200115842,-0.5758470728793217,-277.15379607663897,robust ATS,ATS,absorption,sign reversed: control increases absorption,180.0,3,False,True,ok,5.61968469619751
20.0,0.4,0.005,0.1,0.9987922628269649,0.0,90.0,1.1013522293242999,1.1013522293242999,0.0013301440279601482,1.1000220852963398,-249.75637091217095,robust ATS,ATS,ATS,robust ATS lineshape (dAIC=-249.8),180.0,3,False,True,ok,5.583744049072266
20.0,0.45,0.005,0.1,0.998514107560722,0.0,76.49999999999999,0.9507610015769022,0.9507610015769022,0.0014127285838035177,0.9493482729930988,-223.41289751921897,robust ATS,ATS,ATS,robust ATS lineshape (dAIC=-223.4),180.0,3,False,True,ok,5.7355170249938965
20.0,0.5,0.005,0.1,0.9981823530374772,0.0,60.75,0.8282905479625031,0.8282905479625031,0.0015055397985904416,0.8267850081639126,-198.8255648681319,robust ATS,ATS,ATS,robust ATS lineshape (dAIC=-198.8),180.0,3,False,True,ok,5.5302650928497314
25.0,0.0,0.005,0.1,-0.04182304520339471,0.0,nan,7.962940158302578,0.003932988051772306,0.004097477588845991,-0.00016448953707368444,12.802166180094673,robust EIT,Fano,unresolved,"feature not contained in the settled window (edge=False, fwhm=nan MHz)",4000.0,5,False,False,ok,9.75514554977417
25.0,0.05,0.005,0.1,-16.28442889183812,0.2999999999999995,0.5249999999999998,0.0034262823291874617,0.003421044781024737,0.05913080525341598,-0.05570976047239124,-10.759587239682787,robust ATS,Fano,absorption,sign reversed: control increases absorption,1.9999999999999984,2,False,True,ok,3.7546215057373047
25.0,0.1,0.005,0.1,-46.54670970281406,0.7125000000000005,0.43125000000000024,0.005401108828957419,0.005388856534579885,0.25622239727978235,-0.2508335407452025,-11.922214381790411,robust ATS,Fano,absorption,sign reversed: control increases absorption,1.5000000000000013,2,False,True,ok,3.9109060764312744
25.0,0.15000000000000002,0.005,0.1,-8.152677589909025,3.3750000000000004,2.5624999999999996,0.06539037361588951,0.06365107105108471,0.5825777315829701,-0.5189266605318854,-3.4041972526483164,inconclusive,Fano,absorption,sign reversed: control increases absorption,5.0,1,False,True,ok,2.2642812728881836
25.0,0.2,0.005,0.1,0.9979031587586034,0.0,25.5,0.8932990439773933,0.8932990439773933,0.0018731062763119532,0.8914259377010814,698.218978637881,robust EIT,EIT,transparency,robust EIT lineshape (dAIC=698.2),30.0,2,False,True,ok,3.678805112838745
25.0,0.23226114680059184,0.005,0.1,0.9978039781898607,0.0,23.625,0.7621788203158244,0.7621788203158244,0.0016737613126398892,0.7605050590031845,685.3544172852651,robust EIT,EIT,transparency,robust EIT lineshape (dAIC=685.4),30.0,2,False,True,ok,3.5745625495910645
25.0,0.25,0.005,0.1,0.9977031886493992,0.0,22.500000000000004,0.7041592106034001,0.7041592106034001,0.0016173208675440054,0.7025418897358562,690.7584782529151,robust EIT,EIT,transparency,robust EIT lineshape (dAIC=690.8),30.0,2,False,True,ok,3.6085281372070312
25.0,0.30000000000000004,0.005,0.1,0.9973035847809685,0.0,19.125,0.5780733076708786,0.5780733076708786,0.0015587256645196665,0.576514582006359,738.0071927930677,robust EIT,EIT,transparency,robust EIT lineshape (dAIC=738.0),30.0,2,False,True,ok,3.6158556938171387
25.0,0.35000000000000003,0.005,0.1,0.9967732732548434,-0.3749999999999969,16.124999999999996,0.4868769804212905,0.4868645526811588,0.0015709788734049796,0.48529357380775384,795.3558805702947,robust EIT,EIT,transparency,robust EIT lineshape (dAIC=795.4),30.0,2,False,True,ok,3.6032676696777344
25.0,0.4,0.005,0.1,0.9960477610239207,-0.3749999999999969,13.124999999999998,0.41658225158431134,0.41657161766579737,0.0016463905836671625,0.4149252270821302,842.71303858379,robust EIT,EIT,transparency,robust EIT lineshape (dAIC=842.7),30.0,2,False,True,ok,3.564241409301758
25.0,0.45,0.005,0.1,0.9951046514584355,0.0,10.875000000000004,0.3603849092557508,0.3603849092557508,0.001764209739926975,0.3586206995158238,875.6744520348919,robust EIT,EIT,transparency,robust EIT lineshape (dAIC=875.7),30.0,2,False,True,ok,3.6225054264068604
25.0,0.5,0.005,0.1,0.9940227641802313,0.0,8.625,0.31450267594645515,0.31450267594645515,0.0018798566600802967,0.31262281928637486,895.5802178435205,robust EIT,EIT,transparency,robust EIT lineshape (dAIC=895.6),30.0,2,False,True,ok,3.6040337085723877
30.0,0.0,0.005,0.1,-0.012526207113878607,0.0,0.37500000000000033,0.007791949950905319,0.007653829969998071,0.007749703429416678,-9.587345941860712e-05,-2.1165359986900967,inconclusive,Fano,absorption,sign reversed: control increases absorption,30.0,2,False,True,ok,4.2024452686309814
30.0,0.05,0.005,0.1,-12.676757512103011,0.30000000000000016,0.2875000000000002,0.007834913603004734,0.007828165573042136,0.1070639223070902,-0.09923575673404807,-8.143231256438526,robust ATS,Fano,absorption,sign reversed: control increases absorption,1.0000000000000009,2,False,True,ok,3.677938461303711
30.0,0.1,0.005,0.1,-26.012333499429417,0.7187500000000004,0.3593750000000002,0.011761235305736436,0.011735862838303022,0.31701304089180155,-0.3052771780534985,-12.99360250830955,robust ATS,Fano,absorption,sign reversed: control increases absorption,1.2500000000000009,2,False,True,ok,3.8996422290802
30.0,0.15000000000000002,0.005,0.1,-3.3728665690636768,3.3125000000000004,2.7499999999999996,0.09954783551924185,0.09643977269287565,0.421718257936776,-0.32527848524390035,-2.040192448246046,inconclusive,Fano,absorption,sign reversed: control increases absorption,5.0,1,False,True,ok,2.2158069610595703
30.0,0.2,0.005,0.1,0.9923819338848824,0.0,12.375000000000004,0.37514468210933777,0.37514468210933777,0.0028578769910437393,0.37228680511829404,1042.4619601495374,robust EIT,EIT,transparency,robust EIT lineshape (dAIC=1042.5),30.0,2,False,True,ok,3.7220911979675293
30.0,0.23226114680059184,0.005,0.1,0.9922171859524048,0.0,11.250000000000004,0.32024423860396445,0.32024423860396445,0.0024924013588683578,0.3177518372450961,955.8985574873362,robust EIT,Fano,transparency,robust EIT lineshape (dAIC=955.9),30.0,2,False,True,ok,3.68904447555542
30.0,0.25,0.005,0.1,0.9919309826114525,0.0,10.875000000000004,0.2960013478827899,0.2960013478827899,0.0023884400230997317,0.2936129078596902,919.8818052728841,robust EIT,Fano,transparency,robust EIT lineshape (dAIC=919.9),30.0,2,False,True,ok,3.587831974029541
30.0,0.30000000000000004,0.005,0.1,0.9906906349827158,0.0,8.625,0.24327557833916968,0.24327557833916968,0.0022647411585502305,0.24101083718061944,860.8000080532864,robust EIT,Fano,transparency,robust EIT lineshape (dAIC=860.8),30.0,2,False,True,ok,3.6659090518951416
30.0,0.35000000000000003,0.005,0.1,0.9890543564339153,-0.3749999999999969,7.1250000000000036,0.205091748370409,0.2050908481831237,0.002244851322878476,0.20284599686024524,831.730809440891,robust EIT,Fano,transparency,robust EIT lineshape (dAIC=831.7),30.0,2,False,True,ok,3.7510719299316406
30.0,0.4,0.005,0.1,0.9866904556467772,-0.3749999999999969,5.625000000000002,0.17562601669067748,0.17562524285210449,0.0023374919592856116,0.17328775089281886,812.1063939833117,robust EIT,Fano,transparency,robust EIT lineshape (dAIC=812.1),30.0,2,False,True,ok,3.622528553009033
30.0,0.45,0.005,0.1,0.9887053498395605,-0.18750000000000017,4.875,0.15203915844894036,0.15203899342332866,0.001717227241461873,0.1503217661818668,117.63265543073067,robust EIT,Fano,transparency,robust EIT lineshape (dAIC=117.6),5.0,1,False,True,ok,1.8445677757263184
30.0,0.5,0.005,0.1,0.9869287393823564,-0.18750000000000017,4.0,0.1327584635400192,0.13275831867981883,0.0017353185826241037,0.13102300009719473,187.1880906706491,robust EIT,Fano,transparency,robust EIT lineshape (dAIC=187.2),5.0,1,False,True,ok,1.8884563446044922
35.0,0.0,0.005,0.1,-0.06337357222917711,0.1250000000000001,0.1093750000000001,0.014422764571512241,0.014419585666887258,0.015333406320662544,-0.0009138206537752866,-3.290863007573762,inconclusive,Fano,absorption,sign reversed: control increases absorption,0.2500000000000002,2,False,True,ok,4.094426870346069
35.0,0.05,0.005,0.1,-7.151744812327046,0.30000000000000016,0.2343750000000001,0.01616190936412346,0.016150823286352013,0.13165738993933088,-0.11550656665297887,-6.53308782778754,robust ATS,Fano,absorption,sign reversed: control increases absorption,0.7500000000000007,2,False,True,ok,4.7934935092926025
35.0,0.1,0.005,0.1,-8.976325631910917,0.7218750000000005,0.4812500000000004,0.023741885206713383,0.02367959627563884,0.23623536327795805,-0.2125557670023192,-3.335716251995848,inconclusive,Fano,absorption,sign reversed: control increases absorption,1.7500000000000013,2,False,True,ok,3.9675354957580566
35.0,0.15000000000000002,0.005,0.1,0.9392839612307521,0.0,11.999999999999996,0.13311108114243905,0.12342952828082372,0.007494152024368466,0.11593537625645525,47.259933501803744,robust EIT,Fano,transparency,robust EIT lineshape (dAIC=47.3),30.0,2,False,True,ok,3.7580533027648926
35.0,0.2,0.005,0.1,0.9734920527669291,0.0,6.000000000000002,0.1783163968130269,0.17831594000077708,0.0047267895283560285,0.17358915047242104,1015.2308526928773,robust EIT,Fano,transparency,robust EIT lineshape (dAIC=1015.2),30.0,2,False,True,ok,3.6077277660369873
35.0,0.23226114680059184,0.005,0.1,0.975729231568937,-0.1250000000000001,5.625,0.1519417441968696,0.15194173854615123,0.003687742751266752,0.14825399579488446,133.93219167146742,robust EIT,Fano,transparency,robust EIT lineshape (dAIC=133.9),5.0,1,False,True,ok,1.8065805435180664
35.0,0.25,0.005,0.1,0.9757251040101393,-0.18750000000000017,5.3125,0.14040612388518436,0.14040612388518436,0.0034083440536523354,0.13699777983153202,132.64146681597163,robust EIT,Fano,transparency,robust EIT lineshape (dAIC=132.6),5.0,1,False,True,ok,1.7770307064056396
35.0,0.30000000000000004,0.005,0.1,0.9751789362370985,-0.18750000000000017,4.375,0.11535683111901031,0.11535682768205806,0.0028632791753823985,0.11249354850667566,154.48057661313055,robust EIT,Fano,transparency,robust EIT lineshape (dAIC=154.5),5.0,1,False,True,ok,1.8736820220947266
35.0,0.35000000000000003,0.005,0.1,0.9736531096872222,-0.18750000000000017,3.5624999999999996,0.09723561323539082,0.09723560808802313,0.002561855900791399,0.09467375218723173,194.731713606344,robust EIT,Fano,transparency,robust EIT lineshape (dAIC=194.7),5.0,1,False,True,ok,1.8462190628051758
35.0,0.4,0.005,0.1,0.9714032307355777,-0.18750000000000017,2.8750000000000004,0.08326145031604987,0.08326144370452943,0.0023810082942411163,0.0808804354102883,238.55010775238782,robust EIT,Fano,transparency,robust EIT lineshape (dAIC=238.6),5.0,1,False,True,ok,1.8974511623382568
35.0,0.45,0.005,0.1,0.968491360147931,-0.18750000000000017,2.375,0.07207986154529744,0.07207985451738255,0.0022711381765777297,0.06980871634080482,277.1571149908376,robust EIT,Fano,transparency,robust EIT lineshape (dAIC=277.2),5.0,1,False,True,ok,2.0120198726654053
35.0,0.5,0.005,0.1,0.9648238601112737,-0.18750000000000017,1.875,0.0629414773411884,0.06294147064094263,0.0022140379760679564,0.060727432664874674,307.0386241353418,robust EIT,Fano,transparency,robust EIT lineshape (dAIC=307.0),5.0,1,False,True,ok,1.9220175743103027
40.0,0.0,0.005,0.1,-0.020131510909285485,0.13750000000000015,0.17500000000000013,0.027036560568861556,0.027026762521319754,0.02757085208586037,-0.0005440895645406167,-0.21287440022433657,inconclusive,Fano,absorption,sign reversed: control increases absorption,0.5000000000000004,2,False,True,ok,5.069268703460693
40.0,0.05,0.005,0.1,-2.893153811488672,0.31249999999999917,0.28749999999999915,0.029800499328470963,0.029776148184448736,0.1159231247957381,-0.08614697661128937,0.4602985418910066,inconclusive,Fano,absorption,sign reversed: control increases absorption,0.9999999999999973,2,False,True,ok,5.3319337368011475
40.0,0.1,0.005,0.1,-2.6159954447273757,0.7499999999999998,0.8125000000000007,0.04087260168618689,0.04065543271329279,0.14700985949468706,-0.10635442678139427,11.17591530384675,robust EIT,Fano,absorption,sign reversed: control increases absorption,5.0,1,False,True,ok,2.073474884033203
40.0,0.15000000000000002,0.005,0.1,0.8969826291252557,-0.06250000000000006,3.375,0.10548674132342174,0.10492857007110926,0.010809465418372055,0.0941191046527372,22.19685996754413,robust EIT,Fano,transparency,robust EIT lineshape (dAIC=22.2),5.0,1,False,True,ok,1.9981322288513184
40.0,0.2,0.005,0.1,0.9221218833481395,-0.1250000000000001,3.187500000000001,0.09547660740131819,0.09547251198312631,0.007435219425268068,0.08803729255785825,417.8353266781752,robust EIT,Fano,transparency,robust EIT lineshape (dAIC=417.8),5.0,1,False,True,ok,1.9411540031433105
40.0,0.23226114680059184,0.005,0.1,0.9250972996703776,-0.1250000000000001,2.9375000000000004,0.08099110609095933,0.08099019969363976,0.006066384657288981,0.07492381503635077,335.4463784603988,robust EIT,Fano,transparency,robust EIT lineshape (dAIC=335.4),5.0,1,False,True,ok,1.9852051734924316
40.0,0.25,0.005,0.1,0.9256111170531522,-0.18750000000000017,2.6875,0.07474683128872833,0.07474627846515795,0.0055602921594571295,0.06918598630570083,310.3414036970738,robust EIT,Fano,transparency,robust EIT lineshape (dAIC=310.3),5.0,1,False,True,ok,2.052938461303711
40.0,0.30000000000000004,0.005,0.1,0.9261194248707278,-0.18750000000000017,2.25,0.06125510057993471,0.06125486650967548,0.004525544767201615,0.056729321742473866,280.54581332963915,robust EIT,Fano,transparency,robust EIT lineshape (dAIC=280.5),5.0,1,False,True,ok,2.018409013748169
40.0,0.35000000000000003,0.005,0.1,0.9241395577884209,-0.18750000000000017,1.875,0.0515425322590569,0.0515424087227764,0.003910029918359768,0.047632378804416634,276.54051610226315,robust EIT,Fano,transparency,robust EIT lineshape (dAIC=276.5),5.0,1,False,True,ok,2.0744330883026123
40.0,0.4,0.005,0.1,0.9205572979667695,-0.18750000000000017,1.4999999999999996,0.044081848252610356,0.04408177580794383,0.0035019753806061473,0.04057980042733768,279.21705402234204,robust EIT,Fano,transparency,robust EIT lineshape (dAIC=279.2),5.0,1,False,True,ok,2.118147850036621
40.0,0.45,0.005,0.1,0.9156236650062199,-0.18750000000000017,1.2500000000000002,0.038130246314058,0.0381302003656959,0.003217286559435915,0.034912913806259986,281.7261930185373,robust EIT,Fano,transparency,robust EIT lineshape (dAIC=281.7),5.0,1,False,True,ok,2.209362030029297
40.0,0.5,0.005,0.1,0.909062894413482,-0.18750000000000017,1.0,0.033277000718579135,0.03327697048930101,0.00302611137898501,0.030250859110316,282.00257761456226,robust EIT,Fano,transparency,robust EIT lineshape (dAIC=282.0),5.0,1,False,True,ok,2.131539821624756
45.0,0.0,0.005,0.1,-0.005742239728030068,0.18750000000000017,0.3125000000000003,0.04461309538951267,0.04458570196255898,0.0448417237516705,-0.00025602178911151435,5.746176778013705,inconclusive,Fano,absorption,sign reversed: control increases absorption,1.0000000000000009,2,False,True,ok,4.293520212173462
45.0,0.05,0.005,0.1,-0.9429014559724969,0.3499999999999998,0.4593749999999993,0.04747833586148295,0.04742395520074932,0.09214007160751031,-0.04471611640676099,9.776936726179315,robust EIT,Fano,absorption,sign reversed: control increases absorption,1.7499999999999982,2,False,True,ok,4.459593772888184
45.0,0.1,0.005,0.1,-0.7118417606679948,0.8124999999999999,2.875,0.055725432279414046,0.05551093615024937,0.09502593867577153,-0.039515002525522154,31.320539119401587,robust EIT,Fano,absorption,sign reversed: control increases absorption,5.0,1,False,True,ok,2.0456900596618652
45.0,0.15000000000000002,0.005,0.1,0.774101674307816,-0.06250000000000006,1.9375,0.07527162577752051,0.07512613769418751,0.016970868720837428,0.05815526897335008,117.41222598260936,robust EIT,Fano,transparency,robust EIT lineshape (dAIC=117.4),5.0,1,False,True,ok,1.9561147689819336
45.0,0.2,0.005,0.1,0.7951558592727855,-0.1250000000000001,1.8125,0.058403529143505634,0.058394965490180355,0.011961866528631333,0.04643309896154902,504.31427645751,robust EIT,Fano,transparency,robust EIT lineshape (dAIC=504.3),5.0,1,False,True,ok,2.0836477279663086
45.0,0.23226114680059184,0.005,0.1,0.8016735792448361,-0.1250000000000001,1.6249999999999998,0.04923974874581929,0.04923442633744161,0.009764487553438568,0.03946993878400304,392.8657017714204,robust EIT,Fano,transparency,robust EIT lineshape (dAIC=392.9),5.0,1,False,True,ok,1.9898130893707275
45.0,0.25,0.005,0.1,0.803160538857939,-0.1250000000000001,1.5624999999999996,0.045313444239806,0.045309131793107776,0.00891862508696996,0.03639050670613782,353.2256558422937,robust EIT,Fano,transparency,robust EIT lineshape (dAIC=353.2),5.0,1,False,True,ok,2.0001254081726074
45.0,0.30000000000000004,0.005,0.1,0.8068105213252077,-0.18750000000000017,1.2500000000000002,0.036888520765048415,0.03688592808265738,0.007125973216724459,0.02975995486593292,289.00035005785423,robust EIT,Fano,transparency,robust EIT lineshape (dAIC=289.0),5.0,1,False,True,ok,2.0679473876953125
45.0,0.35000000000000003,0.005,0.1,0.805512324083948,-0.18750000000000017,1.0625,0.030887768697688646,0.030886040927692236,0.006006954318274926,0.02487908660941731,258.39536498065206,robust EIT,Fano,transparency,robust EIT lineshape (dAIC=258.4),5.0,1,False,True,ok,2.0503897666931152
45.0,0.4,0.005,0.1,0.801187496116137,-0.18750000000000017,0.8749999999999999,0.02632435416022174,0.026323137323461438,0.005233368841356138,0.021089768482105302,240.9283916660321,robust EIT,Fano,transparency,robust EIT lineshape (dAIC=240.9),5.0,1,False,True,ok,2.072411060333252
45.0,0.45,0.005,0.1,0.7944667563725776,-0.18750000000000017,0.7499999999999998,0.022714085933913,0.022713195585032535,0.004668316761735787,0.018044878823296747,228.89756892883315,robust EIT,Fano,transparency,robust EIT lineshape (dAIC=228.9),5.0,1,False,True,ok,2.064880847930908
45.0,0.5,0.005,0.1,0.7847229129761728,-0.18750000000000017,0.5625000000000004,0.019788586647567726,0.0197879163924468,0.004259884999236986,0.015528031393209813,219.27593203688718,robust EIT,Fano,transparency,robust EIT lineshape (dAIC=219.3),5.0,1,False,True,ok,2.1078603267669678
50.0,0.0,0.005,0.1,0.0014582608088408427,-0.06250000000000006,1.1874999999999993,0.06049751062433745,0.06037325135314331,0.06028521140679272,8.803994635058626e-05,2.102390752491374,inconclusive,Fano,unresolved,lineshape inconclusive (dAIC=2.1),5.0,1,False,True,ok,2.4554524421691895
50.0,0.05,0.005,0.1,-0.2513975097733262,0.4375000000000004,1.6249999999999996,0.06221924613849311,0.06208005294096097,0.07768682365691482,-0.015606770715953844,25.803247083385145,robust EIT,Fano,absorption,sign reversed: control increases absorption,5.0,1,False,True,ok,2.074514627456665
50.0,0.1,0.005,0.1,0.4504958965529664,-0.06250000000000006,1.0625,0.060279369070940794,0.06016476582444281,0.033060785703461174,0.027103980120981634,59.73700446967541,robust EIT,Fano,transparency,robust EIT lineshape (dAIC=59.7),5.0,1,False,True,ok,2.1025760173797607
50.0,0.15000000000000002,0.005,0.1,0.5523127844812912,-0.06250000000000006,1.1874999999999993,0.05662657836477923,0.05657678268456715,0.025328702303060967,0.031248080381506185,373.06577501236586,robust EIT,Fano,transparency,robust EIT lineshape (dAIC=373.1),5.0,1,False,True,ok,2.0381131172180176
50.0,0.2,0.005,0.1,0.5697023456423562,-0.1250000000000001,1.1249999999999991,0.04224468803701553,0.04223230000011862,0.01817245962817936,0.02405984037193926,504.5416102251389,robust EIT,Fano,transparency,robust EIT lineshape (dAIC=504.5),5.0,1,False,True,ok,2.0737645626068115
50.0,0.23226114680059184,0.005,0.1,0.5801224561261223,-0.1250000000000001,1.0,0.035375085772349095,0.03536629012321615,0.014849511032866976,0.02051677909034917,384.16136128916537,robust EIT,Fano,transparency,robust EIT lineshape (dAIC=384.2),5.0,1,False,True,ok,2.0162816047668457
50.0,0.25,0.005,0.1,0.5827625878681503,-0.1250000000000001,0.9375,0.03242109752162745,0.03241367199344494,0.013524196620235584,0.01888947537320936,336.99845407280725,robust EIT,Fano,transparency,robust EIT lineshape (dAIC=337.0),5.0,1,False,True,ok,2.0999855995178223
50.0,0.30000000000000004,0.005,0.1,0.5887819980026948,-0.18750000000000017,0.8124999999999999,0.026105885059805687,0.026101068360789,0.010733229181318731,0.01536783917947027,256.6209814545051,robust EIT,Fano,transparency,robust EIT lineshape (dAIC=256.6),5.0,1,False,True,ok,2.084641933441162
50.0,0.35000000000000003,0.005,0.1,0.5894281008242593,-0.18750000000000017,0.6249999999999997,0.021666148428878578,0.021662765155876784,0.00889412263144639,0.012768642524430393,216.1882204080124,robust EIT,Fano,transparency,robust EIT lineshape (dAIC=216.2),5.0,1,False,True,ok,1.9854621887207031
50.0,0.4,0.005,0.1,0.5858207291480012,-0.18750000000000017,0.5000000000000004,0.018343455594840134,0.01834096300345336,0.0075964466834938,0.010744516319959561,193.26969341957943,robust EIT,Fano,transparency,robust EIT lineshape (dAIC=193.3),5.0,1,False,True,ok,2.0294864177703857
50.0,0.45,0.005,0.1,0.5789017991743065,-0.18750000000000017,0.5000000000000004,0.015752702364270406,0.015750800333870135,0.006632633682157446,0.00911816665171269,178.78759347225662,robust EIT,Fano,transparency,robust EIT lineshape (dAIC=178.8),5.0,1,False,True,ok,2.0202701091766357
50.0,0.5,0.005,0.1,0.5711927934035373,-0.1687500000000003,0.4125000000000003,0.013676489943182322,0.013676067464350303,0.005864396286612821,0.007811671177737482,35.582969461765515,robust EIT,Fano,transparency,robust EIT lineshape (dAIC=35.6),1.5000000000000013,2,False,True,ok,3.950972557067871
55.0,0.0,0.005,0.1,0.0008728559950088241,0.021874999999999978,0.4812500000000005,0.06476982400769554,0.06473739560243073,0.0646808891785779,5.650642385283955e-05,63.058611616484086,robust EIT,Fano,transparency,robust EIT lineshape (dAIC=63.1),1.7500000000000016,2,False,True,ok,4.286594867706299
55.0,0.05,0.005,0.1,0.13811769679294772,-0.06250000000000006,0.6874999999999998,0.06595370832483356,0.06586777335624537,0.05677026820740087,0.009097505148844498,66.59971402761653,robust EIT,Fano,transparency,robust EIT lineshape (dAIC=66.6),5.0,1,False,True,ok,1.9785327911376953
55.0,0.1,0.005,0.1,0.2602634713766492,-0.06250000000000006,0.8124999999999999,0.05717906766750129,0.057118128414145604,0.04225236603454285,0.014865762379602757,158.55283063489946,robust EIT,Fano,transparency,robust EIT lineshape (dAIC=158.6),5.0,1,False,True,ok,1.9710488319396973
55.0,0.15000000000000002,0.005,0.1,0.2989472220980826,-0.06250000000000006,0.8125000000000007,0.04826576831841278,0.048234433378971195,0.033814883510852725,0.01441954986811847,716.5584484191501,robust EIT,Fano,transparency,robust EIT lineshape (dAIC=716.6),5.0,1,False,True,ok,2.1466729640960693
55.0,0.2,0.005,0.1,0.31095098898919105,-0.06250000000000006,0.7500000000000007,0.03641492065339404,0.03639846835435566,0.025080328621876993,0.011318139732478666,490.86395421892894,robust EIT,Fano,transparency,robust EIT lineshape (dAIC=490.9),5.0,1,False,True,ok,2.1274666786193848
55.0,0.23226114680059184,0.005,0.1,0.32070418860681493,-0.1250000000000001,0.6875000000000007,0.030467821876310384,0.030455675421599528,0.020688412747042934,0.009767262674556593,376.6876276846257,robust EIT,Fano,transparency,robust EIT lineshape (dAIC=376.7),5.0,1,False,True,ok,2.1389973163604736
55.0,0.25,0.005,0.1,0.32361362386344855,-0.1250000000000001,0.6250000000000006,0.027866342850834808,0.027855871935943723,0.018841332272876838,0.009014539663066885,324.3034664661566,robust EIT,Fano,transparency,robust EIT lineshape (dAIC=324.3),5.0,1,False,True,ok,1.9911911487579346
55.0,0.30000000000000004,0.005,0.1,0.32594826862965504,-0.18750000000000017,0.5625000000000004,0.022257491660521326,0.022250406883413145,0.014997925283459272,0.007252481599953873,233.60688946034986,robust EIT,Fano,transparency,robust EIT lineshape (dAIC=233.6),5.0,1,False,True,ok,2.087017059326172
55.0,0.35000000000000003,0.005,0.1,0.32784967374576673,-0.18750000000000017,0.5000000000000004,0.01832093060886789,0.01831581800812304,0.012310983049773063,0.006004834958349978,189.2099976580647,robust EIT,Fano,transparency,robust EIT lineshape (dAIC=189.2),5.0,1,False,True,ok,2.0406339168548584
55.0,0.4,0.005,0.1,0.32679649932032945,-0.1687500000000003,0.4312500000000004,0.015404606198591934,0.01540354130194147,0.010369717927330888,0.005033823374610582,31.286949346674305,robust EIT,Fano,transparency,robust EIT lineshape (dAIC=31.3),1.5000000000000013,2,False,True,ok,3.9488346576690674
55.0,0.45,0.005,0.1,0.3228760821969206,-0.17187500000000017,0.37500000000000033,0.01316290466627647,0.01316223681991119,0.00891246536255021,0.00424977145736098,16.075493629717812,robust EIT,Fano,transparency,robust EIT lineshape (dAIC=16.1),1.250000000000001,2,False,True,ok,3.83223819732666
55.0,0.5,0.005,0.1,0.3168938022338698,-0.15625000000000014,0.3281250000000003,0.0113882799893028,0.011387742652842776,0.007779037584722613,0.0036087050681201625,19.197060560890577,robust EIT,Fano,transparency,robust EIT lineshape (dAIC=19.2),1.250000000000001,2,False,True,ok,3.9486477375030518
60.0,0.0,0.005,0.1,0.00038524544522473527,0.08750000000000012,0.4593750000000003,0.056632003246210705,0.0566148435502853,0.05659303293967544,2.1810610609858394e-05,36.43435496943357,robust EIT,Fano,transparency,robust EIT lineshape (dAIC=36.4),1.7500000000000016,2,False,True,ok,4.18444299697876
60.0,0.05,0.005,0.1,0.06100761934134454,0.0,0.5000000000000004,0.059537102918799704,0.05949124929038945,0.05586182979954034,0.003629419490849113,181.60494866654994,robust EIT,Fano,transparency,robust EIT lineshape (dAIC=181.6),5.0,1,False,True,ok,2.0743396282196045
60.0,0.1,0.005,0.1,0.1105924465689456,0.0,0.6250000000000006,0.05138894251251973,0.051354405763896334,0.04567499638837268,0.005679409375523657,426.85864406156384,robust EIT,Fano,transparency,robust EIT lineshape (dAIC=426.9),5.0,1,False,True,ok,2.0146470069885254
60.0,0.15000000000000002,0.005,0.1,0.12199673843656121,0.0,0.6250000000000006,0.044145010525332366,0.0441200056828025,0.03873750888969805,0.005382496793104451,491.2250307887043,robust EIT,Fano,transparency,robust EIT lineshape (dAIC=491.2),5.0,1,False,True,ok,2.1077113151550293
60.0,0.2,0.005,0.1,0.12947119846896127,-0.06250000000000006,0.5625000000000004,0.03484424135719014,0.03482661091097752,0.030317567857721054,0.0045090430532564625,478.0575629752025,robust EIT,Fano,transparency,robust EIT lineshape (dAIC=478.1),5.0,1,False,True,ok,2.124079704284668
60.0,0.23226114680059184,0.005,0.1,0.13235223083541553,-0.1250000000000001,0.5000000000000004,0.029617423851115487,0.029603475699045794,0.02568538964979507,0.003918086049250723,408.9012687641664,robust EIT,Fano,transparency,robust EIT lineshape (dAIC=408.9),5.0,1,False,True,ok,2.2900125980377197
60.0,0.25,0.005,0.1,0.13467136187079767,-0.1250000000000001,0.5000000000000004,0.027238160588689112,0.027225772603010782,0.02355924072857867,0.003666531874432114,352.5038400201472,robust EIT,Fano,transparency,robust EIT lineshape (dAIC=352.5),5.0,1,False,True,ok,2.078049421310425
60.0,0.30000000000000004,0.005,0.1,0.13703099019306525,-0.13125000000000006,0.48125000000000034,0.02193258815628785,0.021929586287487045,0.01892455336398843,0.0030050329234986156,99.96067418999496,robust EIT,Fano,transparency,robust EIT lineshape (dAIC=100.0),1.7500000000000016,2,False,True,ok,4.013636589050293
60.0,0.35000000000000003,0.005,0.1,0.13703720886840076,-0.15312500000000004,0.4375000000000004,0.01810776263668279,0.018105534908965312,0.015624402939971312,0.0024811319689940006,72.26886979684195,robust EIT,Fano,transparency,robust EIT lineshape (dAIC=72.3),1.7500000000000016,2,False,True,ok,4.019407510757446
60.0,0.4,0.005,0.1,0.13603629034696388,-0.15625000000000014,0.37500000000000033,0.01524427709441206,0.015243097380900393,0.013169482959805183,0.0020736144210952104,24.364180355507642,robust EIT,Fano,transparency,robust EIT lineshape (dAIC=24.4),1.250000000000001,2,False,True,ok,3.7812914848327637
60.0,0.45,0.005,0.1,0.13425889139704952,-0.15625000000000014,0.3281250000000003,0.013033902521942966,0.013032969477139835,0.011283177443527456,0.0017497920336123785,24.15654368204605,robust EIT,Fano,transparency,robust EIT lineshape (dAIC=24.2),1.250000000000001,2,False,True,ok,4.040024757385254
60.0,0.5,0.005,0.1,0.132017729658888,-0.1500000000000002,0.28750000000000014,0.011283402437061118,0.011282818425115911,0.009793286352478638,0.001489532072637273,9.455818382269854,robust EIT,Fano,transparency,robust EIT lineshape (dAIC=9.5),1.0000000000000009,2,False,True,ok,4.041275501251221
65.0,0.0,0.005,0.1,0.0001343328476068102,0.14999999999999997,0.49999999999999956,0.043733879331964126,0.04372553740498671,0.04371966362903396,5.87377595274996e-06,-0.776707659067597,inconclusive,Fano,unresolved,lineshape inconclusive (dAIC=-0.8),1.9999999999999982,2,False,True,ok,4.1736249923706055
65.0,0.05,0.005,0.1,0.021509648707057207,0.0,0.4593750000000003,0.048764307619951874,0.04875687596429926,0.04770813269025362,0.0010487432740456382,335.2163474494603,robust EIT,Fano,transparency,robust EIT lineshape (dAIC=335.2),1.7500000000000016,2,False,True,ok,3.8869316577911377
65.0,0.1,0.005,0.1,0.037880624623937494,0.0,0.5000000000000004,0.043935776843352,0.0439169178733705,0.04225331759276906,0.001663600280601439,797.483270204825,robust EIT,Fano,transparency,robust EIT lineshape (dAIC=797.5),5.0,1,False,True,ok,1.8688998222351074
65.0,0.15000000000000002,0.005,0.1,0.04122315593617082,0.0,0.5031250000000005,0.039574322995435486,0.03956836678080188,0.037937233826857285,0.0016311329539445973,231.21965696394068,robust EIT,Fano,transparency,robust EIT lineshape (dAIC=231.2),1.7500000000000016,2,False,True,ok,3.851973295211792
65.0,0.2,0.005,0.1,0.043828014394139504,-0.043749999999999956,0.48125000000000057,0.03326892241015715,0.03326388379151484,0.031805993813895345,0.0014578899776194962,320.6233635781007,robust EIT,Fano,transparency,robust EIT lineshape (dAIC=320.6),1.7500000000000016,2,False,True,ok,3.90120792388916
65.0,0.23226114680059184,0.005,0.1,0.04533251480168297,-0.06562499999999993,0.43750000000000033,0.02922535352613908,0.029220988617548845,0.027896327718524003,0.0013246608990248425,343.22002038451024,robust EIT,Fano,transparency,robust EIT lineshape (dAIC=343.2),1.7500000000000016,2,False,True,ok,3.993591547012329
65.0,0.25,0.005,0.1,0.04582494597364659,-0.07500000000000019,0.4500000000000003,0.027270066883374973,0.027266647279534095,0.026017154641066968,0.0012494926384671277,257.74471422122656,robust EIT,Fano,transparency,robust EIT lineshape (dAIC=257.7),1.5000000000000013,2,False,True,ok,3.920835256576538
65.0,0.30000000000000004,0.005,0.1,0.0463819826393943,-0.09375000000000008,0.4062500000000004,0.02265332504340938,0.02265110606843377,0.021600502860004596,0.0010506032084291739,108.56850310796563,robust EIT,Fano,transparency,robust EIT lineshape (dAIC=108.6),1.250000000000001,2,False,True,ok,3.8733625411987305
65.0,0.35000000000000003,0.005,0.1,0.04631932623692738,-0.11250000000000018,0.37500000000000033,0.019098836983333818,0.019096698739594197,0.018212152520626614,0.0008845462189675836,99.93244179454177,robust EIT,Fano,transparency,robust EIT lineshape (dAIC=99.9),1.5000000000000013,2,False,True,ok,3.8725905418395996
65.0,0.4,0.005,0.1,0.04589894497749923,-0.1250000000000001,0.3500000000000002,0.01632225038770972,0.01632115651110301,0.01557203264643074,0.0007491238646722704,27.39776960537506,robust EIT,Fano,transparency,robust EIT lineshape (dAIC=27.4),1.0000000000000009,2,False,True,ok,3.926591396331787
65.0,0.45,0.005,0.1,0.045332601086368815,-0.1250000000000001,0.3125000000000004,0.01411617293247803,0.014115276477965776,0.013475394280166348,0.0006398821977994275,24.523596464714274,robust EIT,Fano,transparency,robust EIT lineshape (dAIC=24.5),1.0000000000000009,2,False,True,ok,3.872420310974121
65.0,0.5,0.005,0.1,0.044614319777578626,-0.1250000000000001,0.27500000000000013,0.012332378877007034,0.012331635433253475,0.011781467906653785,0.0005501675265996899,24.938518295094127,robust EIT,Fano,transparency,robust EIT lineshape (dAIC=24.9),1.0000000000000009,2,False,True,ok,3.8867993354797363
70.0,0.0,0.005,0.1,4.146316513429846e-05,0.18750000000000017,1.1249999999999991,0.03207321102710152,0.0320654113127422,0.03206408177929784,1.329533444359432e-06,-2.132395890846965,inconclusive,Fano,unresolved,lineshape inconclusive (dAIC=-2.1),5.0,1,False,True,ok,2.0362164974212646
70.0,0.05,0.005,0.1,0.00664094712494651,0.015625000000000014,0.37500000000000033,0.03794314227883185,0.03794080784577651,0.037688844946994954,0.00025196289878155753,601.0675478078201,robust EIT,Fano,transparency,robust EIT lineshape (dAIC=601.1),1.250000000000001,2,False,True,ok,3.9085500240325928
70.0,0.1,0.005,0.1,0.011534679951804655,0.018749999999999885,0.39375000000000027,0.03564475771331401,0.03564192689343301,0.035230808673851643,0.00041111821958136896,261.6704515570857,robust EIT,Fano,transparency,robust EIT lineshape (dAIC=261.7),1.5000000000000013,2,False,True,ok,3.9243268966674805
70.0,0.15000000000000002,0.005,0.1,0.012561618287045287,0.018749999999999885,0.3937500000000004,0.033445912404467946,0.033443025336726384,0.03302292681808244,0.000420098518643941,146.36400367616557,robust EIT,Fano,transparency,robust EIT lineshape (dAIC=146.4),1.5000000000000013,2,False,True,ok,4.0050787925720215
70.0,0.2,0.005,0.1,0.013413390288057873,-0.015625000000000014,0.39062500000000033,0.029845219748589436,0.02984286111411832,0.029442567170682346,0.00040029394343597466,195.79911215219363,robust EIT,Fano,transparency,robust EIT lineshape (dAIC=195.8),1.250000000000001,2,False,True,ok,3.909440279006958
70.0,0.23226114680059184,0.005,0.1,0.013871069386762093,-0.03750000000000021,0.3750000000000001,0.0272456083856323,0.02724291866957222,0.026865030254408666,0.0003778884151635527,327.1172723805498,robust EIT,Fano,transparency,robust EIT lineshape (dAIC=327.1),1.5000000000000013,2,False,True,ok,4.025604724884033
70.0,0.25,0.005,0.1,0.014050215219264646,-0.03125000000000003,0.37500000000000033,0.02590435993019972,0.025902189923378605,0.025538258580304868,0.00036393134307373745,336.02478303780276,robust EIT,Fano,transparency,robust EIT lineshape (dAIC=336.0),1.250000000000001,2,False,True,ok,3.9872989654541016
70.0,0.30000000000000004,0.005,0.1,0.014259630685818248,-0.06250000000000006,0.34375000000000033,0.022504493453204384,0.02250261064135602,0.02218173172414352,0.00032087891721250053,275.28232698964007,robust EIT,Fano,transparency,robust EIT lineshape (dAIC=275.3),1.250000000000001,2,False,True,ok,3.884744882583618
70.0,0.35000000000000003,0.005,0.1,0.01425692245398243,-0.0750000000000001,0.33750000000000024,0.019647857412823416,0.019646577453812476,0.01936647772256731,0.00028009973124516405,139.1134674043917,robust EIT,Fano,transparency,robust EIT lineshape (dAIC=139.1),1.0000000000000009,2,False,True,ok,3.8894295692443848
70.0,0.4,0.005,0.1,0.014132328384625328,-0.08750000000000012,0.31250000000000017,0.01726407791940112,0.017262985879937815,0.017019019694583384,0.00024396618535443143,101.83069839048585,robust EIT,Fano,transparency,robust EIT lineshape (dAIC=101.8),1.0000000000000009,2,False,True,ok,4.000694036483765
70.0,0.45,0.005,0.1,0.013989069589205072,-0.08750000000000012,0.2875000000000003,0.015268824495678998,0.015267880618984674,0.015054297174526022,0.000213583444458652,84.61240800730184,robust EIT,Fano,transparency,robust EIT lineshape (dAIC=84.6),1.0000000000000009,2,False,True,ok,4.042977809906006
70.0,0.5,0.005,0.1,0.013787992701560272,-0.09375000000000008,0.2718750000000002,0.013587214066858089,0.013586627227933924,0.013399294910876351,0.00018733231705757303,31.331438653131045,robust EIT,Fano,transparency,robust EIT lineshape (dAIC=31.3),0.7500000000000007,2,False,True,ok,3.9410996437072754
75.0,0.0,0.005,0.1,-2.2799833069067973e-05,-0.1250000000000001,0.7500000000000007,0.02330107793097643,0.0232982126283571,0.023298743823715835,-5.311953587341933e-07,-2.1301359186240916,inconclusive,Fano,absorption,sign reversed: control increases absorption,5.0,1,False,True,ok,2.0293023586273193
75.0,0.05,0.005,0.1,0.0019962224430721386,0.025000000000000064,0.31250000000000017,0.028908238253920786,0.02890743365534466,0.028849727987510242,5.7705667834417884e-05,183.947914966604,robust EIT,Fano,transparency,robust EIT lineshape (dAIC=183.9),1.0000000000000009,2,False,True,ok,3.9383747577667236
75.0,0.1,0.005,0.1,0.0034430482896241443,0.025000000000000064,0.3250000000000003,0.027949232770109796,0.027948353363373393,0.02785212583312782,9.622753024557396e-05,102.33687276006549,robust EIT,Fano,transparency,robust EIT lineshape (dAIC=102.3),1.0000000000000009,2,False,True,ok,4.051882982254028
75.0,0.15000000000000002,0.005,0.1,0.0037664565240972036,0.03125000000000003,0.34375000000000033,0.026933421075118962,0.026932222960364967,0.02683078391348746,0.00010143904687750713,88.92655834393508,robust EIT,Fano,transparency,robust EIT lineshape (dAIC=88.9),1.250000000000001,2,False,True,ok,3.969261646270752
75.0,0.2,0.005,0.1,0.004032153127240492,0.012499999999999924,0.3250000000000003,0.02511428775011449,0.025113232075190395,0.0250119716779433,0.00010126039724709518,105.81499027688233,robust EIT,Fano,transparency,robust EIT lineshape (dAIC=105.8),1.0000000000000009,2,False,True,ok,3.984405040740967
75.0,0.23226114680059184,0.005,0.1,0.0041840748448312955,0.0,0.3125000000000003,0.023680397398700606,0.023679049080372497,0.023579974166765785,9.90749136067122e-05,184.90702410226186,robust EIT,Fano,transparency,robust EIT lineshape (dAIC=184.9),1.250000000000001,2,False,True,ok,3.802708864212036
75.0,0.25,0.005,0.1,0.004234218516365998,-0.012500000000000141,0.30000000000000016,0.02289998385973926,0.022898911510733373,0.02280195251561,9.695899512337375e-05,193.35751258212667,robust EIT,Fano,transparency,robust EIT lineshape (dAIC=193.4),1.0000000000000009,2,False,True,ok,3.9255855083465576
75.0,0.30000000000000004,0.005,0.1,0.004326232137282687,-0.025000000000000064,0.3000000000000004,0.020788909207130786,0.02078787104154166,0.020697937885776053,8.993315576560565e-05,290.1921838451067,robust EIT,Fano,transparency,robust EIT lineshape (dAIC=290.2),1.0000000000000009,2,False,True,ok,3.955057144165039
75.0,0.35000000000000003,0.005,0.1,0.004345500881777519,-0.037500000000000096,0.2875000000000003,0.018856223525002103,0.018855250200543693,0.018773314694171095,8.193550637259836e-05,323.1517508078796,robust EIT,Fano,transparency,robust EIT lineshape (dAIC=323.2),1.0000000000000009,2,False,True,ok,4.318689346313477
75.0,0.4,0.005,0.1,0.004329014550552639,-0.04687500000000004,0.2718750000000002,0.017120937278031406,0.01712027660518776,0.017046162678654418,7.411392653334375e-05,223.12596334066302,robust EIT,Fano,transparency,robust EIT lineshape (dAIC=223.1),0.7500000000000007,2,False,True,ok,5.213257789611816
75.0,0.45,0.005,0.1,0.004295851464628191,-0.04687500000000004,0.2625000000000002,0.015575882275399792,0.01557527645696337,0.015508367382783736,6.690907417963507e-05,183.3834008808667,robust EIT,Fano,transparency,robust EIT lineshape (dAIC=183.4),0.7500000000000007,2,False,True,ok,5.361844778060913
75.0,0.5,0.005,0.1,0.004248993050328097,-0.05625000000000009,0.24375000000000016,0.014203089309340652,0.014202545532810164,0.014142199015544286,6.034651726587875e-05,157.49574265068577,robust EIT,Fano,transparency,robust EIT lineshape (dAIC=157.5),0.7500000000000007,2,False,True,ok,5.464629411697388
80.0,0.0,0.005,0.1,-1.446334806498283e-05,-0.06250000000000006,0.3000000000000004,0.01710891675462609,0.017108690542108312,0.01710893799105456,-2.474489462465923e-07,-0.7560464165853773,inconclusive,Fano,absorption,sign reversed: control increases absorption,1.0000000000000009,2,False,True,ok,6.99425745010376
80.0,0.05,0.005,0.1,0.0006159832978769588,0.03749999999999999,0.2625000000000002,0.021987161222923848,0.021986809554612068,0.021973266047152825,1.354350745924257e-05,95.16496305665987,robust EIT,Fano,transparency,robust EIT lineshape (dAIC=95.2),1.0000000000000009,2,False,True,ok,7.441761255264282
80.0,0.1,0.005,0.1,0.0010603774096813135,0.03749999999999999,0.2750000000000002,0.021638222276100925,0.021637819621175135,0.02161487536605408,2.2944255121053192e-05,61.64312431078724,robust EIT,Fano,transparency,robust EIT lineshape (dAIC=61.6),1.0000000000000009,2,False,True,ok,7.350347995758057
80.0,0.15000000000000002,0.005,0.1,0.0011636167373798713,0.03749999999999999,0.2906250000000003,0.02118313037919354,0.021182785946798795,0.021158137302526765,2.46486442720302e-05,34.2201234007357,robust EIT,Fano,transparency,robust EIT lineshape (dAIC=34.2),0.7500000000000007,2,False,True,ok,7.395722150802612
80.0,0.2,0.005,0.1,0.0012456410830587784,0.025000000000000064,0.2750000000000003,0.020313923674208728,0.02031338987497392,0.020288086682009463,2.5303192964457738e-05,65.10905417926188,robust EIT,Fano,transparency,robust EIT lineshape (dAIC=65.1),1.0000000000000009,2,False,True,ok,7.9903998374938965
80.0,0.23226114680059184,0.005,0.1,0.0012943264434896774,0.025000000000000064,0.2750000000000002,0.019588103270206,0.019587521261451087,0.019562168614719974,2.5352646731112427e-05,87.9239269783111,robust EIT,Fano,transparency,robust EIT lineshape (dAIC=87.9),1.0000000000000009,2,False,True,ok,7.8396852016448975
80.0,0.25,0.005,0.1,0.001315137181679644,0.012499999999999924,0.2625000000000003,0.019178362002919853,0.01917776980759557,0.01915254840945991,2.522139813566221e-05,101.83066354529274,robust EIT,Fano,transparency,robust EIT lineshape (dAIC=101.8),1.0000000000000009,2,False,True,ok,8.156331300735474
80.0,0.30000000000000004,0.005,0.1,0.001350865455500718,0.009374999999999942,0.2625000000000002,0.018014207474185612,0.018013737091212456,0.017989402956051465,2.4334135160990894e-05,115.90076229959004,robust EIT,Fano,transparency,robust EIT lineshape (dAIC=115.9),0.7500000000000007,2,False,True,ok,8.333388090133667
80.0,0.35000000000000003,0.005,0.1,0.0013670197166531502,0.0,0.2531250000000002,0.016873350746484897,0.016872879528942963,0.016849813969950184,2.3065558992778346e-05,155.55719946349973,robust EIT,Fano,transparency,robust EIT lineshape (dAIC=155.6),0.7500000000000007,2,False,True,ok,7.1997246742248535
80.0,0.4,0.005,0.1,0.0013714190422098784,-0.009375000000000052,0.2343750000000002,0.015782738799985867,0.01578227959084912,0.01576063547208875,2.1644118760370812e-05,189.94819326018614,robust EIT,Fano,transparency,robust EIT lineshape (dAIC=189.9),0.7500000000000007,2,False,True,ok,6.0372772216796875
80.0,0.45,0.005,0.1,0.0013670318737113662,-0.018750000000000103,0.23437500000000022,0.014754239423564932,0.01475379981464082,0.014733630900035849,2.0168914604970847e-05,213.34906616709623,robust EIT,Fano,transparency,robust EIT lineshape (dAIC=213.3),0.7500000000000007,2,False,True,ok,6.3693687915802
80.0,0.5,0.005,0.1,0.0013570480562637636,-0.018750000000000048,0.2250000000000002,0.0137913789196584,0.013791100588378602,0.013772385402131404,1.871518624719723e-05,161.60133369401865,robust EIT,Fano,transparency,robust EIT lineshape (dAIC=161.6),0.5000000000000004,2,False,True,ok,7.0668909549713135
85.0,0.0,0.005,0.1,-8.645231847333135e-06,-0.037500000000000096,0.22500000000000014,0.012796462003406695,0.012796387342059526,0.012796497969794906,-1.1062773538038362e-07,-20.59708075937351,robust ATS,Fano,absorption,sign reversed: control increases absorption,0.7500000000000007,2,False,True,ok,7.878138065338135
85.0,0.05,0.005,0.1,0.00020037136594667644,0.03749999999999999,0.22500000000000014,0.016867411791225043,0.016867293767694327,0.01686391404500227,3.3797226920567747e-06,38.4490702970661,robust EIT,Fano,transparency,robust EIT lineshape (dAIC=38.4),0.7500000000000007,2,False,True,ok,6.696861982345581
85.0,0.1,0.005,0.1,0.00034400892025759753,0.04687499999999993,0.24375000000000013,0.016783959273253025,0.016783819123340645,0.016778045339846226,5.773783494419232e-06,25.096477968645104,robust EIT,Fano,transparency,robust EIT lineshape (dAIC=25.1),0.7500000000000007,2,False,True,ok,7.372123956680298
85.0,0.15000000000000002,0.005,0.1,0.0003785360321216457,0.04687499999999993,0.2531250000000002,0.016580915974945654,0.016580752034870215,0.016574475622785342,6.2764120848726734e-06,20.562284675246246,robust EIT,Fano,transparency,robust EIT lineshape (dAIC=20.6),0.7500000000000007,2,False,True,ok,7.375820159912109
85.0,0.2,0.005,0.1,0.0004055278855659988,0.03749999999999999,0.24375000000000013,0.016168292601330188,0.016168092851667617,0.016161536239159845,6.556612507771509e-06,27.251180074258627,robust EIT,Fano,transparency,robust EIT lineshape (dAIC=27.3),0.7500000000000007,2,False,True,ok,6.557340621948242
85.0,0.23226114680059184,0.005,0.1,0.00042193852976039,0.03749999999999999,0.2343750000000002,0.015811203794048535,0.01581097799841937,0.01580430673760864,6.671260810726942e-06,35.4530149431248,robust EIT,Fano,transparency,robust EIT lineshape (dAIC=35.5),0.7500000000000007,2,False,True,ok,6.084383487701416
85.0,0.25,0.005,0.1,0.0004291872672773939,0.028124999999999938,0.2343750000000002,0.015604832943213935,0.015604598972979283,0.01559790167778911,6.697295190172606e-06,40.260850233978545,robust EIT,Fano,transparency,robust EIT lineshape (dAIC=40.3),0.7500000000000007,2,False,True,ok,5.928100347518921
85.0,0.30000000000000004,0.005,0.1,0.0004431007355427726,0.028124999999999938,0.22500000000000014,0.014999373931170063,0.014999115472675016,0.014992469353576583,6.646119098433281e-06,54.38842042884016,robust EIT,Fano,transparency,robust EIT lineshape (dAIC=54.4),0.7500000000000007,2,False,True,ok,5.7854461669921875
85.0,0.35000000000000003,0.005,0.1,0.00045180116988445215,0.018749999999999996,0.2187500000000001,0.014377243334414714,0.014377060218220194,0.014370564645594103,6.495572626091101e-06,43.441920833596214,robust EIT,Fano,transparency,robust EIT lineshape (dAIC=43.4),0.5000000000000004,2,False,True,ok,7.936894178390503
85.0,0.4,0.005,0.1,0.0004554532212400122,0.009374999999999942,0.20625000000000016,0.013754643871195344,0.013754365401301817,0.013748100931273682,6.264470028135086e-06,81.5135013455565,robust EIT,Fano,transparency,robust EIT lineshape (dAIC=81.5),0.7500000000000007,2,False,True,ok,7.915532350540161
85.0,0.45,0.005,0.1,0.00045664312186136075,0.009374999999999942,0.20625000000000016,0.01314072346881954,0.013140441648108039,0.01313444115581121,6.000492296829099e-06,92.94122401139339,robust EIT,Fano,transparency,robust EIT lineshape (dAIC=92.9),0.7500000000000007,2,False,True,ok,7.484498500823975
85.0,0.5,0.005,0.1,0.00045531781756318035,0.0,0.1968750000000002,0.012541099267474078,0.012540820061904932,0.012535110003083893,5.710058821039102e-06,102.4033881086757,robust EIT,Fano,transparency,robust EIT lineshape (dAIC=102.4),0.7500000000000007,2,False,True,ok,7.601880311965942
90.0,0.0,0.005,0.1,-5.122259346429246e-06,-0.025000000000000012,0.18125000000000022,0.009768491737579021,0.00976846869304842,0.009768518729678483,-5.003663006326875e-08,-2.0788457747776192,inconclusive,Fano,absorption,sign reversed: control increases absorption,0.5000000000000004,2,False,True,ok,8.137537479400635
90.0,0.05,0.005,0.1,6.911038817993152e-05,0.04687499999999993,0.1968750000000001,0.013111110205022578,0.013111053630676649,0.013110147520670785,9.061100058639637e-07,18.52440830694195,robust EIT,Fano,transparency,robust EIT lineshape (dAIC=18.5),0.7500000000000007,2,False,True,ok,7.758198261260986
90.0,0.1,0.005,0.1,0.00011844772252055468,0.04687499999999993,0.22500000000000014,0.013142948520981215,0.013142880681388969,0.013141323937104899,1.5567442840699192e-06,11.136442460544913,robust EIT,Fano,transparency,robust EIT lineshape (dAIC=11.1),0.7500000000000007,2,False,True,ok,6.796413898468018
90.0,0.15000000000000002,0.005,0.1,0.00013043436753049287,0.05624999999999999,0.22500000000000014,0.0130528404066693,0.013052760540347562,0.013051058011781955,1.7025285656072087e-06,8.770332373273959,robust EIT,Fano,transparency,robust EIT lineshape (dAIC=8.8),0.7500000000000007,2,False,True,ok,7.226300477981567
90.0,0.2,0.005,0.1,0.00014004160822546555,0.04687499999999993,0.22500000000000014,0.012853137540336223,0.012853036957319017,0.012851236997352933,1.7999599660842996e-06,11.787555007587343,robust EIT,Fano,transparency,robust EIT lineshape (dAIC=11.8),0.7500000000000007,2,False,True,ok,5.760709047317505
90.0,0.23226114680059184,0.005,0.1,0.00014579834965927464,0.04687499999999993,0.2156250000000002,0.012676119539713345,0.012676004338526795,0.012674156198013964,1.8481405128310119e-06,15.385145875174658,robust EIT,Fano,transparency,robust EIT lineshape (dAIC=15.4),0.7500000000000007,2,False,True,ok,5.799100875854492
90.0,0.25,0.005,0.1,0.00014827883057125772,0.03749999999999999,0.2156250000000002,0.012572328633824046,0.012572208875372366,0.012570344682942628,1.8641924297378015e-06,17.430546430875893,robust EIT,Fano,transparency,robust EIT lineshape (dAIC=17.4),0.7500000000000007,2,False,True,ok,6.3701653480529785
90.0,0.30000000000000004,0.005,0.1,0.0001541035259098853,0.03749999999999999,0.20625000000000016,0.0122616125547979,0.01226147538323151,0.012259585846642097,1.8895365894132377e-06,23.115744673554218,robust EIT,Fano,transparency,robust EIT lineshape (dAIC=23.1),0.7500000000000007,2,False,True,ok,5.518962621688843
90.0,0.35000000000000003,0.005,0.1,0.00015737560502318253,0.028124999999999938,0.20625000000000016,0.011932596948029497,0.011932448649219003,0.011930570772893424,1.8778763255788977e-06,28.511453532859832,robust EIT,Fano,transparency,robust EIT lineshape (dAIC=28.5),0.7500000000000007,2,False,True,ok,5.056912183761597
90.0,0.4,0.005,0.1,0.0001597871406746909,0.028124999999999938,0.1968750000000001,0.011592960323077701,0.011592801169046622,0.01159094878849541,1.8523805512121738e-06,33.42918376796297,robust EIT,Fano,transparency,robust EIT lineshape (dAIC=33.4),0.7500000000000007,2,False,True,ok,5.5648016929626465
90.0,0.45,0.005,0.1,0.00016089918485082211,0.024999999999999956,0.19375000000000012,0.011247558178833885,0.011247445638100912,0.011245635933266088,1.8097048348243716e-06,26.76561089130155,robust EIT,Fano,transparency,robust EIT lineshape (dAIC=26.8),0.5000000000000004,2,False,True,ok,4.925892353057861
90.0,0.5,0.005,0.1,0.0001610878271395349,0.024999999999999956,0.1937500000000002,0.01089973545789387,0.01089961983834089,0.010897864042264485,1.7557960764053027e-06,30.176356695734285,robust EIT,Fano,transparency,robust EIT lineshape (dAIC=30.2),0.5000000000000004,2,False,True,ok,5.554668188095093
95.0,0.0,0.005,0.1,-3.0674626316330143e-06,-0.015625000000000014,0.1500000000000001,0.007607767146048722,0.007607760499002824,0.007607783835523865,-2.3336521041104896e-08,-99.44937131959978,robust ATS,Fano,absorption,sign reversed: control increases absorption,0.2500000000000002,2,False,True,ok,5.53429913520813
95.0,0.05,0.005,0.1,2.5348780166683923e-05,0.04687499999999993,0.18750000000000006,0.010341448931401053,0.010341421072525663,0.010341158930116284,2.621424093785657e-07,5.480322429936223,inconclusive,Fano,unresolved,lineshape inconclusive (dAIC=5.5),0.7500000000000007,2,False,True,ok,4.888811826705933
95.0,0.1,0.005,0.1,4.3157131183028586e-05,0.06250000000000006,0.39062500000000033,0.01042359405847104,0.01042353677785341,0.010423086927909298,4.4984994411294277e-07,1.598140044035972,inconclusive,Fano,unresolved,lineshape inconclusive (dAIC=1.6),1.250000000000001,2,False,True,ok,4.989586591720581
95.0,0.15000000000000002,0.005,0.1,4.787232538382902e-05,0.056249999999999876,0.4125000000000003,0.010385365820088624,0.010385289385895705,0.010384792217943018,4.97167952686825e-07,0.0849641364488889,inconclusive,Fano,unresolved,lineshape inconclusive (dAIC=0.1),1.5000000000000013,2,False,True,ok,4.919642448425293
95.0,0.2,0.005,0.1,5.130421776856221e-05,0.056249999999999876,0.3937500000000002,0.010285734613689902,0.010285635815084104,0.010285108118584359,5.276964997451977e-07,2.633393359492402,inconclusive,Fano,unresolved,lineshape inconclusive (dAIC=2.6),1.5000000000000013,2,False,True,ok,3.945453643798828
95.0,0.23226114680059184,0.005,0.1,5.338927166241754e-05,0.04687500000000004,0.37500000000000033,0.010195650427971858,0.010195556033037834,0.010195011699727037,5.44333310797257e-07,4.149747154729994,inconclusive,Fano,unresolved,lineshape inconclusive (dAIC=4.1),1.250000000000001,2,False,True,ok,3.937798023223877
95.0,0.25,0.005,0.1,5.445683591089232e-05,0.04687500000000004,0.35937500000000033,0.010142351953228284,0.010142250596691292,0.010141698281814781,5.523148765111674e-07,4.94868170874588,inconclusive,Fano,unresolved,lineshape inconclusive (dAIC=4.9),1.250000000000001,2,False,True,ok,3.711268424987793
95.0,0.30000000000000004,0.005,0.1,5.670010066086726e-05,0.04687500000000004,0.3281250000000003,0.009980790905772547,0.009980673922940813,0.009980108017724719,5.65905216094037e-07,7.142371638137774,robust EIT,Fano,transparency,robust EIT lineshape (dAIC=7.1),1.250000000000001,2,False,True,ok,3.7664504051208496
95.0,0.35000000000000003,0.005,0.1,5.808045832558086e-05,0.04687500000000004,0.18750000000000017,0.009806478539248159,0.009806345192223466,0.009805775635200202,5.695570232631952e-07,8.97740408199752,robust EIT,Fano,transparency,robust EIT lineshape (dAIC=9.0),1.250000000000001,2,False,True,ok,3.792091131210327
95.0,0.4,0.005,0.1,5.913549399653738e-05,0.03749999999999999,0.1968750000000001,0.009622933446811031,0.009622845337085146,0.009622276285372485,5.690517126608063e-07,9.316351163834952,robust EIT,Fano,transparency,robust EIT lineshape (dAIC=9.3),0.7500000000000007,2,False,True,ok,3.7976808547973633
95.0,0.45,0.005,0.1,5.980729787031897e-05,0.03749999999999999,0.18750000000000017,0.009432550906630548,0.009432458734137816,0.009431894604268654,5.641298691620722e-07,10.789925736065925,robust EIT,Fano,transparency,robust EIT lineshape (dAIC=10.8),0.7500000000000007,2,False,True,ok,3.7459301948547363
95.0,0.5,0.005,0.1,6.011247443785161e-05,0.03749999999999999,0.18750000000000017,0.009236815225482455,0.009236715404958802,0.009236160163140132,5.552418186702962e-07,13.21724861536859,robust EIT,Fano,transparency,robust EIT lineshape (dAIC=13.2),0.7500000000000007,2,False,True,ok,3.8708527088165283
100.0,0.0,0.005,0.1,-1.8652261953022199e-06,-0.009375000000000024,0.1250000000000001,0.0060364615599660925,0.006036458203391112,0.00603646946275108,-1.1259359967812077e-08,-127.02299621576185,robust ATS,Fano,absorption,sign reversed: control increases absorption,0.2500000000000002,2,False,True,ok,4.102891206741333
100.0,0.05,0.005,0.1,9.805281773224406e-06,0.04687500000000004,0.35937500000000033,0.008276938946070529,0.008276911549317636,0.008276830391867683,8.11574499531148e-08,-1.0507053372789414,inconclusive,Fano,unresolved,lineshape inconclusive (dAIC=-1.1),1.250000000000001,2,False,True,ok,3.795285701751709
100.0,0.1,0.005,0.1,1.681040382610448e-05,0.056249999999999876,0.4500000000000005,0.008380483101228114,0.008380449372087873,0.008380308493349684,1.4087873818902086e-07,-2.0329568269994525,inconclusive,Fano,unresolved,lineshape inconclusive (dAIC=-2.0),1.5000000000000013,2,False,True,ok,3.7020092010498047
100.0,0.15000000000000002,0.005,0.1,-1.9591368961173255e-05,-0.05625000000000009,0.4312500000000004,0.00836690627175364,0.008366868075792018,0.00836703199419154,-1.6391839952230314e-07,-2.142295690983701,inconclusive,Fano,absorption,sign reversed: control increases absorption,1.5000000000000013,2,False,True,ok,3.7533626556396484
100.0,0.2,0.005,0.1,-2.0147724673925704e-05,-0.05625000000000009,0.4500000000000005,0.008315571305108417,0.008315523953787377,0.008315691492674518,-1.6753888714034215e-07,-2.0742049237119318,inconclusive,Fano,absorption,sign reversed: control increases absorption,1.5000000000000013,2,False,True,ok,3.6098248958587646
100.0,0.23226114680059184,0.005,0.1,2.0777754456207517e-05,0.056249999999999876,0.4500000000000005,0.008268154026608902,0.00826809433660724,0.008267922544173294,1.7179243394678523e-07,-1.9076247736293226,inconclusive,Fano,unresolved,lineshape inconclusive (dAIC=-1.9),1.5000000000000013,2,False,True,ok,3.659738063812256
100.0,0.25,0.005,0.1,2.1179385941232743e-05,0.056249999999999876,0.4125000000000003,0.008239909312246796,0.008239843687481818,0.008239669172652266,1.7451482955260778e-07,-2.0198684380161467,inconclusive,Fano,unresolved,lineshape inconclusive (dAIC=-2.0),1.5000000000000013,2,False,True,ok,3.72103214263916
100.0,0.30000000000000004,0.005,0.1,2.204998870484425e-05,0.056249999999999876,0.4125000000000003,0.008153614529051095,0.008153537182818143,0.008153357397415358,1.7978540278566768e-07,-1.87119305245551,inconclusive,Fano,unresolved,lineshape inconclusive (dAIC=-1.9),1.5000000000000013,2,False,True,ok,3.5754196643829346
100.0,0.35000000000000003,0.005,0.1,2.2625260501474668e-05,0.056249999999999876,0.3937500000000002,0.008059434826661886,0.008059349019076786,0.008059166674205757,1.823448710289166e-07,-0.7190186459656616,inconclusive,Fano,unresolved,lineshape inconclusive (dAIC=-0.7),1.5000000000000013,2,False,True,ok,3.734072208404541
100.0,0.4,0.005,0.1,2.2988463905946658e-05,0.056249999999999876,0.3750000000000001,0.007959088449235286,0.007958993081916409,0.007958810116891217,1.8296502519131452e-07,-0.360367745505755,inconclusive,Fano,unresolved,lineshape inconclusive (dAIC=-0.4),1.5000000000000013,2,False,True,ok,3.743654727935791
100.0,0.45,0.005,0.1,2.3197345326023936e-05,0.056249999999999876,0.3750000000000001,0.007853639610911416,0.007853535508250086,0.007853353327074871,1.8218117521506816e-07,-0.022814868026216573,inconclusive,Fano,unresolved,lineshape inconclusive (dAIC=-0.0),1.5000000000000013,2,False,True,ok,3.700183391571045
100.0,0.5,0.005,0.1,2.3359585402901136e-05,0.03749999999999999,0.3750000000000001,0.007743766466994898,0.007743657936270828,0.007743477047631935,1.8088863889317158e-07,0.19587346699154295,inconclusive,Fano,unresolved,lineshape inconclusive (dAIC=0.2),1.5000000000000013,2,False,True,ok,3.885829448699951
105.0,0.0,0.005,0.1,-1.1552819788548522e-06,-0.006250000000000016,0.10625000000000012,0.00487169846926903,0.004871696361178587,0.0048717019893616,-5.628183012522381e-09,-123.88136841552023,robust ATS,Fano,absorption,sign reversed: control increases absorption,0.2500000000000002,2,False,True,ok,4.139973402023315
105.0,0.05,0.005,0.1,-4.379718742386256e-06,-0.05625000000000009,0.3750000000000001,0.0067175406816660016,0.006717525861999767,0.006717555282873687,-2.9420873920264767e-08,-2.1795661163696423,inconclusive,Fano,absorption,sign reversed: control increases absorption,1.5000000000000013,2,False,True,ok,3.8811607360839844
105.0,0.1,0.005,0.1,-9.879291728882975e-06,-0.050000000000000024,0.3250000000000003,0.006829140106313646,0.006829129495737914,0.006829196962700457,-6.746696254271434e-08,-3.209646308786432,inconclusive,Fano,absorption,sign reversed: control increases absorption,1.0000000000000009,2,False,True,ok,3.6572210788726807
105.0,0.15000000000000002,0.005,0.1,-1.1984098924154876e-05,-0.050000000000000024,0.2875000000000003,0.006827725529861058,0.006827711757495502,0.00682779358146863,-8.182397312744144e-08,-2.2124116132263225,inconclusive,Fano,absorption,sign reversed: control increases absorption,1.0000000000000009,2,False,True,ok,3.6588945388793945
105.0,0.2,0.005,0.1,-1.2518343702943401e-05,-0.050000000000000024,0.30000000000000027,0.006800533763266423,0.006800515961035855,0.006800601092232013,-8.513119615759929e-08,-3.4937000030372474,inconclusive,Fano,absorption,sign reversed: control increases absorption,1.0000000000000009,2,False,True,ok,4.659790992736816
105.0,0.23226114680059184,0.005,0.1,-1.2491017856364563e-05,-0.050000000000000024,0.31250000000000017,0.006774639381435948,0.006774618428425171,0.00677470305030493,-8.462187975951524e-08,-3.2916302690082375,inconclusive,Fano,absorption,sign reversed: control increases absorption,1.0000000000000009,2,False,True,ok,4.377834796905518
105.0,0.25,0.005,0.1,-1.2445838517280457e-05,-0.050000000000000024,0.31250000000000017,0.006759125735615497,0.006759102293317848,0.006759186416013512,-8.412269566441394e-08,-3.7227122405761293,inconclusive,Fano,absorption,sign reversed: control increases absorption,1.0000000000000009,2,False,True,ok,4.9303061962127686
105.0,0.30000000000000004,0.005,0.1,-1.2251504829091997e-05,-0.04687500000000004,0.32812500000000033,0.006711485402195745,0.006711453627383552,0.006711535852790078,-8.22254065261166e-08,-2.1368870962578512,inconclusive,Fano,absorption,sign reversed: control increases absorption,1.250000000000001,2,False,True,ok,6.287770748138428
105.0,0.35000000000000003,0.005,0.1,-1.2038792176902274e-05,-0.04687500000000004,0.32812500000000033,0.006659128155557654,0.006659089755324312,0.0066591699227219634,-8.01673976516884e-08,-2.1584294300910187,inconclusive,Fano,absorption,sign reversed: control increases absorption,1.250000000000001,2,False,True,ok,7.577590227127075
105.0,0.4,0.005,0.1,-1.184445548897044e-05,-0.04687500000000004,0.34375000000000033,0.006602934694109404,0.00660289403134706,0.006602972239031513,-7.820768445267884e-08,-2.0441580873998646,inconclusive,Fano,absorption,sign reversed: control increases absorption,1.250000000000001,2,False,True,ok,7.824676990509033
105.0,0.45,0.005,0.1,-1.1675930656295432e-05,-0.04687500000000004,0.34375000000000033,0.006543418456042281,0.006543371908377572,0.006543448308334233,-7.639995666056804e-08,-2.128831647230527,inconclusive,Fano,absorption,sign reversed: control increases absorption,1.250000000000001,2,False,True,ok,8.077539443969727
105.0,0.5,0.005,0.1,-1.1545272087154e-05,-0.06250000000000006,0.35937500000000033,0.006480878659799747,0.006480831162722588,0.006480905985681713,-7.48229591245389e-08,-2.1288814812105556,inconclusive,Fano,absorption,sign reversed: control increases absorption,1.250000000000001,2,False,True,ok,7.501339912414551
110.0,0.0,0.005,0.1,-7.209227211851621e-07,0.0,nan,0.003998237062697197,0.00399234319541708,0.003992346073588,-2.8781709203451467e-09,-2.1306760705986107,inconclusive,Fano,unresolved,"feature not contained in the settled window (edge=False, fwhm=nan MHz)",4000.0,5,False,False,ok,20.013511896133423
110.0,0.05,0.005,0.1,-2.8100538006427927e-06,-0.037500000000000096,0.2500000000000001,0.0055232963649243325,0.005523290654226678,0.005523306174970573,-1.5520743894964495e-08,-2.356466731464934,inconclusive,Fano,absorption,sign reversed: control increases absorption,1.0000000000000009,2,False,True,ok,6.927529811859131
110.0,0.1,0.005,0.1,-6.249200426156823e-06,-0.037500000000000096,0.13125000000000017,0.0056365021204121514,0.005636495415832118,0.005636530639421673,-3.522358955464905e-08,-12.167863845050306,robust ATS,Fano,absorption,sign reversed: control increases absorption,0.7500000000000007,2,False,True,ok,7.85927939414978
110.0,0.15000000000000002,0.005,0.1,-7.5398896036649235e-06,-0.03125000000000003,0.13125000000000012,0.0056412872502222145,0.0056412823575839235,0.005641324892230123,-4.2534646199285375e-08,-17.400714059437178,robust ATS,Fano,absorption,sign reversed: control increases absorption,0.5000000000000004,2,False,True,ok,7.483496904373169
110.0,0.2,0.005,0.1,-7.889882695998622e-06,-0.037500000000000096,0.13125000000000017,0.005626621222599906,0.005626612855937786,0.0056266572492531955,-4.439331540914693e-08,-13.917678534696279,robust ATS,Fano,absorption,sign reversed: control increases absorption,0.7500000000000007,2,False,True,ok,6.928093910217285
110.0,0.23226114680059184,0.005,0.1,-7.93363732681923e-06,-0.037500000000000096,0.12187500000000012,0.005611961928411498,0.00561195169878341,0.005611996221972884,-4.452318947377465e-08,-12.026489120222323,robust ATS,Fano,absorption,sign reversed: control increases absorption,0.7500000000000007,2,False,True,ok,7.298150539398193
110.0,0.25,0.005,0.1,-7.93691751635566e-06,-0.037500000000000096,0.12187500000000012,0.005603122393999805,0.005603113550264612,0.005603158021714696,-4.447145008322495e-08,-3.278353798889384,inconclusive,Fano,absorption,sign reversed: control increases absorption,0.7500000000000007,2,False,True,ok,7.2343831062316895
110.0,0.30000000000000004,0.005,0.1,-7.907079662732424e-06,-0.037500000000000096,0.12187500000000012,0.005575871893179116,0.005575859165244666,0.005575903254007274,-4.4088762607766285e-08,-9.082819040547292,robust ATS,Fano,absorption,sign reversed: control increases absorption,0.7500000000000007,2,False,True,ok,7.1978232860565186
110.0,0.35000000000000003,0.005,0.1,-7.853852655734266e-06,-0.037500000000000096,0.2156250000000001,0.005545804089828365,0.005545791376039901,0.005545834931868228,-4.355582832685917e-08,-7.884256935739359,robust ATS,Fano,absorption,sign reversed: control increases absorption,0.7500000000000007,2,False,True,ok,7.498490571975708
110.0,0.4,0.005,0.1,-7.79728665206155e-06,-0.037500000000000096,0.22500000000000014,0.005513404960940154,0.005513390610784662,0.0055134336002716795,-4.2989487017072725e-08,-2.1281883585079413,inconclusive,Fano,absorption,sign reversed: control increases absorption,0.7500000000000007,2,False,True,ok,6.754140377044678
110.0,0.45,0.005,0.1,-7.744351129119332e-06,-0.037500000000000096,0.22500000000000014,0.005478932008519654,0.005478916588217307,0.005478959018871173,-4.243065386631134e-08,-2.3498671657762316,inconclusive,Fano,absorption,sign reversed: control increases absorption,0.7500000000000007,2,False,True,ok,6.9276533126831055
110.0,0.5,0.005,0.1,-7.696781380590462e-06,-0.037500000000000096,0.23437500000000008,0.005442521578238368,0.0054425056604482875,0.0054425475502245186,-4.1889776231096576e-08,-2.3384525845854114,inconclusive,Fano,absorption,sign reversed: control increases absorption,0.7500000000000007,2,False,True,ok,7.42048978805542
115.0,0.0,0.005,0.1,-4.656302974378416e-07,0.0,nan,0.0033204709246520783,0.0033170567932515682,0.0033170583377737095,-1.5445221412599408e-09,-2.1306780827521834,inconclusive,Fano,unresolved,"feature not contained in the settled window (edge=False, fwhm=nan MHz)",4000.0,5,False,False,ok,21.34927988052368
115.0,0.05,0.005,0.1,-1.8274509594048756e-06,-0.028125000000000046,0.11250000000000018,0.0045962107341940344,0.004596206776690616,0.004596215176033099,-8.399342483686456e-09,-10.371294855056476,robust ATS,Fano,absorption,sign reversed: control increases absorption,0.7500000000000007,2,False,True,ok,7.864935636520386
115.0,0.1,0.005,0.1,-4.048381451789765e-06,-0.025000000000000012,0.10625000000000012,0.004707755628935703,0.004707753298688842,0.004707772357469976,-1.905878113401399e-08,-24.40400119179685,robust ATS,Fano,absorption,sign reversed: control increases absorption,0.5000000000000004,2,False,True,ok,7.390044450759888
115.0,0.15000000000000002,0.005,0.1,-4.844335850964813e-06,-0.025000000000000012,0.10625000000000007,0.004715785449470824,0.004715781350151488,0.004715804194980148,-2.2844828659850103e-08,-28.537024258441306,robust ATS,Fano,absorption,sign reversed: control increases absorption,0.5000000000000004,2,False,True,ok,6.767996311187744
115.0,0.2,0.005,0.1,-5.102053629055242e-06,-0.025000000000000012,0.10625000000000012,0.004707857157026294,0.0047078546288837645,0.004707878648610559,-2.401972679436093e-08,-24.218898394207827,robust ATS,Fano,absorption,sign reversed: control increases absorption,0.5000000000000004,2,False,True,ok,7.662168264389038
115.0,0.23226114680059184,0.005,0.1,-5.147678815328905e-06,-0.025000000000000012,0.10625000000000012,0.004699268237265821,0.0046992654636414,0.004699289653950675,-2.4190309274793598e-08,-21.860691627592132,robust ATS,Fano,absorption,sign reversed: control increases absorption,0.5000000000000004,2,False,True,ok,6.995985269546509
115.0,0.25,0.005,0.1,-5.158711706844095e-06,-0.025000000000000012,0.10625000000000012,0.004694047199128676,0.004694041969002491,0.0046940661842117485,-2.4215209257910653e-08,-21.441036670849826,robust ATS,Fano,absorption,sign reversed: control increases absorption,0.5000000000000004,2,False,True,ok,7.072528123855591
115.0,0.30000000000000004,0.005,0.1,-5.1616444781489444e-06,-0.025000000000000012,0.10625000000000012,0.004677892495776344,0.004677888624498275,0.004677912770096263,-2.4145597988037282e-08,-18.486442729124064,robust ATS,Fano,absorption,sign reversed: control increases absorption,0.5000000000000004,2,False,True,ok,7.818850755691528
115.0,0.35000000000000003,0.005,0.1,-5.145045520150394e-06,-0.025000000000000012,0.10625000000000012,0.004660034023340828,0.004660029213022774,0.0046600531890852006,-2.397606242623279e-08,-16.672418526157344,robust ATS,Fano,absorption,sign reversed: control increases absorption,0.5000000000000004,2,False,True,ok,6.995387554168701
115.0,0.4,0.005,0.1,-5.128440749850147e-06,-0.03125000000000003,0.11250000000000013,0.004640761279272608,0.0046407529035816086,0.004640776703407909,-2.379982630071331e-08,-14.311169544213044,robust ATS,Fano,absorption,sign reversed: control increases absorption,0.5000000000000004,2,False,True,ok,6.862545967102051
115.0,0.45,0.005,0.1,-5.116889055000932e-06,-0.03125000000000003,0.11250000000000013,0.004620206120664286,0.004620197032131215,0.00462022067316684,-2.364103562566e-08,-17.39248074508305,robust ATS,Fano,absorption,sign reversed: control increases absorption,0.5000000000000004,2,False,True,ok,6.134846448898315
115.0,0.5,0.005,0.1,-5.104921430978546e-06,-0.03125000000000003,0.11250000000000013,0.004598437531831985,0.004598429594776673,0.00459845306939846,-2.3474621787221428e-08,-12.546194003829441,robust ATS,Fano,absorption,sign reversed: control increases absorption,0.5000000000000004,2,False,True,ok,4.009974002838135
