T,Bx,Bz,Oc,j,z,pp,cc,joint,C,Acut,dA
20.0,0.23226114680059184,0.005,0.1,3,0.26283146149918846,0.11262551378825135,0.42372620549465234,0.21845452982115385,0.9993521459318151,0.6425884214176779,0.642172117894694
20.5,0.23226114680059184,0.005,0.1,3,0.26283146149918846,0.11262551378825135,0.42372620549465234,0.21845452982115385,0.9992702133307677,0.5808649146422551,0.5804410071709244
21.0,0.23226114680059184,0.005,0.1,3,0.26283146149918846,0.11262551378825135,0.42372620549465234,0.21845452982115385,0.9991769837769062,0.5252495816258923,0.524817292699041
21.5,0.23226114680059184,0.005,0.1,3,0.26283146149918846,0.11262551378825135,0.42372620549465234,0.21845452982115385,0.9990709266094596,0.4752109582221044,0.47476945236592705
22.0,0.23226114680059184,0.005,0.1,3,0.26283146149918846,0.11262551378825135,0.42372620549465234,0.21845452982115385,0.998950297259109,0.4302351219386492,0.42978350295192264
22.5,0.23226114680059184,0.005,0.1,3,0.26283146149918846,0.11262551378825135,0.42372620549465234,0.21845452982115385,0.9988131081019108,0.38983487771012226,0.38937218585217553
23.0,0.23226114680059184,0.005,0.1,3,0.26283146149918846,0.11262551378825135,0.42372620549465234,0.21845452982115385,0.9986570958996034,0.35355530547905195,0.35308051460960715
23.5,0.23226114680059184,0.005,0.1,3,0.26283146149918846,0.11262551378825135,0.42372620549465234,0.21845452982115385,0.9984796855341856,0.32097657189650497,0.3204885865710632
24.0,0.23226114680059184,0.005,0.1,3,0.26283146149918846,0.11262551378825135,0.42372620549465234,0.21845452982115385,0.9982779497356232,0.2917147572719196,0.2912124097970369
24.5,0.23226114680059184,0.005,0.1,3,0.26283146149918846,0.11262551378825135,0.42372620549465234,0.21845452982115385,0.9980485644954624,0.26542129894788175,0.26490334640145435
25.0,0.23226114680059184,0.005,0.1,3,0.26283146149918846,0.11262551378825135,0.42372620549465234,0.21845452982115385,0.9977877598570467,0.24178151686030067,0.24124663808287816
25.5,0.23226114680059184,0.005,0.1,3,0.26283146149918846,0.11262551378825135,0.42372620549465234,0.21845452982115385,0.9974912657761876,0.22051257185979917,0.2199593644239936
26.0,0.23226114680059184,0.005,0.1,3,0.26283146149918846,0.11262551378825135,0.42372620549465234,0.21845452982115385,0.9971542527558949,0.2013611134744389,0.20078809064069908
26.5,0.23226114680059184,0.005,0.1,3,0.26283146149918846,0.11262551378825135,0.42372620549465234,0.21845452982115385,0.9967712669770227,0.18410079971371862,0.1835063873821264
27.0,0.23226114680059184,0.005,0.1,3,0.26283146149918846,0.11262551378825135,0.42372620549465234,0.21845452982115385,0.9963361596754329,0.16852981461313374,0.16791234828246232
27.5,0.23226114680059184,0.005,0.1,3,0.26283146149918846,0.11262551378825135,0.42372620549465234,0.21845452982115385,0.9958420105580256,0.1544684665250645,0.1538261882721353
28.0,0.23226114680059184,0.005,0.1,3,0.26283146149918846,0.11262551378825135,0.42372620549465234,0.21845452982115385,0.9952810451077171,0.14175691882125577,0.14108797431566925
28.5,0.23226114680059184,0.005,0.1,3,0.26283146149918846,0.11262551378825135,0.42372620549465234,0.21845452982115385,0.9946445457043691,0.13025308216595316,0.12955551773754834
29.0,0.23226114680059184,0.005,0.1,3,0.26283146149918846,0.11262551378825135,0.42372620549465234,0.21845452982115385,0.9939227565887961,0.11983068173842626,0.11910244151737134
29.5,0.23226114680059184,0.005,0.1,3,0.26283146149918846,0.11262551378825135,0.42372620549465234,0.21845452982115385,0.9931047828245007,0.11037750202765233,0.10961642517988254
30.0,0.23226114680059184,0.005,0.1,3,0.26283146149918846,0.11262551378825135,0.42372620549465234,0.21845452982115385,0.9921784835715453,0.10179380475410439,0.10099762283790525
30.5,0.23226114680059184,0.005,0.1,3,0.26283146149918846,0.11262551378825135,0.42372620549465234,0.21845452982115385,0.9911303601841688,0.09399091106668167,0.09315724553955838
31.0,0.23226114680059184,0.005,0.1,3,0.26283146149918846,0.11262551378825135,0.42372620549465234,0.21845452982115385,0.9899454398838512,0.08688993664108409,0.08601629654963795
31.5,0.23226114680059184,0.005,0.1,3,0.26283146149918846,0.11262551378825135,0.42372620549465234,0.21845452982115385,0.9886071560482478,0.08042066709236365,0.07950444698168453
32.0,0.23226114680059184,0.005,0.1,3,0.26283146149918846,0.11262551378825135,0.42372620549465234,0.21845452982115385,0.987097226499177,0.07452056078597828,0.07355903886900249
32.5,0.23226114680059184,0.005,0.1,3,0.26283146149918846,0.11262551378825135,0.42372620549465234,0.21845452982115385,0.9853955315749867,0.06913386638240357,0.06812420301372267
33.0,0.23226114680059184,0.005,0.1,3,0.26283146149918846,0.11262551378825135,0.42372620549465234,0.21845452982115385,0.9834799942382201,0.06421084306211149,0.06315007956475666
33.5,0.23226114680059184,0.005,0.1,3,0.26283146149918846,0.11262551378825135,0.42372620549465234,0.21845452982115385,0.9813264650018029,0.059707072197374526,0.05859213009505697
34.0,0.23226114680059184,0.005,0.1,3,0.26283146149918846,0.11262551378825135,0.42372620549465234,0.21845452982115385,0.9789086150567107,0.055582850159446806,0.05441053087048874
34.5,0.23226114680059184,0.005,0.1,3,0.26283146149918846,0.11262551378825135,0.42372620549465234,0.21845452982115385,0.9761978416497926,0.051802652903217165,0.05056963795585396
35.0,0.23226114680059184,0.005,0.1,3,0.26283146149918846,0.11262551378825135,0.42372620549465234,0.21845452982115385,0.9731631904867819,0.04833466391013946,0.04703751574189763
35.5,0.23226114680059184,0.005,0.1,3,0.26283146149918846,0.11262551378825135,0.42372620549465234,0.21845452982115385,0.9697713007129517,0.045150357965266986,0.043785521371632344
36.0,0.23226114680059184,0.005,0.1,3,0.26283146149918846,0.11262551378825135,0.42372620549465234,0.21845452982115385,0.9659863788373538,0.042224134078870525,0.040787938378391043
36.5,0.23226114680059184,0.005,0.1,3,0.26283146149918846,0.11262551378825135,0.42372620549465234,0.21845452982115385,0.9617702087944887,0.03953299162902982,0.038021653613322784
37.0,0.23226114680059184,0.005,0.1,3,0.26283146149918846,0.11262551378825135,0.42372620549465234,0.21845452982115385,0.957082206150463,0.0370562444959648,0.03546587223384894
37.5,0.23226114680059184,0.005,0.1,3,0.26283146149918846,0.11262551378825135,0.42372620549465234,0.21845452982115385,0.9518795252205537,0.03477526858254955,0.0331018661477745
38.0,0.23226114680059184,0.005,0.1,3,0.26283146149918846,0.11262551378825135,0.42372620549465234,0.21845452982115385,0.9461172285226823,0.03267327867151556,0.03091275186344357
38.5,0.23226114680059184,0.005,0.1,3,0.26283146149918846,0.11262551378825135,0.42372620549465234,0.21845452982115385,0.9397485284843736,0.030735131062738986,0.028883294188983326
39.0,0.23226114680059184,0.005,0.1,3,0.26283146149918846,0.11262551378825135,0.42372620549465234,0.21845452982115385,0.9327251115728131,0.028947148868842757,0.026999732658406193
39.5,0.23226114680059184,0.005,0.1,3,0.26283146149918846,0.11262551378825135,0.42372620549465234,0.21845452982115385,0.9249975549345887,0.027296967229566125,0.02524962794447826
40.0,0.23226114680059184,0.005,0.1,3,0.26283146149918846,0.11262551378825135,0.42372620549465234,0.21845452982115385,0.9165158451015509,0.02577339604042239,0.023621725853124696
40.5,0.23226114680059184,0.005,0.1,3,0.26283146149918846,0.11262551378825135,0.42372620549465234,0.21845452982115385,0.9072300072111321,0.02436629808442102,0.022105836786837876
41.0,0.23226114680059184,0.005,0.1,3,0.26283146149918846,0.11262551378825135,0.42372620549465234,0.21845452982115385,0.8970908513573218,0.023066480712162867,0.02069272881989143
41.5,0.23226114680059184,0.005,0.1,3,0.26283146149918846,0.11262551378825135,0.42372620549465234,0.21845452982115385,0.8860508399782202,0.021865599440192396,0.019374032750609775
42.0,0.23226114680059184,0.005,0.1,3,0.26283146149918846,0.11262551378825135,0.42372620549465234,0.21845452982115385,0.8740650764495017,0.020756072034473237,0.018142157689603214
42.5,0.23226114680059184,0.005,0.1,3,0.26283146149918846,0.11262551378825135,0.42372620549465234,0.21845452982115385,0.8610924101690186,0.019731001819137797,0.016990215911490657
43.0,0.23226114680059184,0.005,0.1,3,0.26283146149918846,0.11262551378825135,0.42372620549465234,0.21845452982115385,0.8470966473207532,0.018784109103623815,0.015911955844586972
43.5,0.23226114680059184,0.005,0.1,3,0.26283146149918846,0.11262551378825135,0.42372620549465234,0.21845452982115385,0.8320478492216349,0.017909669756772044,0.01490170220139194
44.0,0.23226114680059184,0.005,0.1,3,0.26283146149918846,0.11262551378825135,0.42372620549465234,0.21845452982115385,0.8159236918347784,0.017102460076700327,0.013954302365238237
44.5,0.23226114680059184,0.005,0.1,3,0.26283146149918846,0.11262551378825135,0.42372620549465234,0.21845452982115385,0.7987108509920372,0.01635770721206486,0.01306507824762691
45.0,0.23226114680059184,0.005,0.1,3,0.26283146149918846,0.11262551378825135,0.42372620549465234,0.21845452982115385,0.7804063686064061,0.01567104448504328,0.012229782918842072
45.5,0.23226114680059184,0.005,0.1,3,0.26283146149918846,0.11262551378825135,0.42372620549465234,0.21845452982115385,0.7610189463605207,0.015038471050097452,0.011444561393418356
46.0,0.23226114680059184,0.005,0.1,3,0.26283146149918846,0.11262551378825135,0.42372620549465234,0.21845452982115385,0.7405701058901643,0.014456315396207016,0.010705915023750642
46.5,0.23226114680059184,0.005,0.1,3,0.26283146149918846,0.11262551378825135,0.42372620549465234,0.21845452982115385,0.7190951493180502,0.013921202264653562,0.01001066902118783
47.0,0.23226114680059184,0.005,0.1,3,0.26283146149918846,0.11262551378825135,0.42372620549465234,0.21845452982115385,0.69664385214226,0.013430022610453885,0.009355942685704244
47.5,0.23226114680059184,0.005,0.1,3,0.26283146149918846,0.11262551378825135,0.42372620549465234,0.21845452982115385,0.673280822872236,0.012979906284119101,0.008739121983776216
48.0,0.23226114680059184,0.005,0.1,3,0.26283146149918846,0.11262551378825135,0.42372620549465234,0.21845452982115385,0.6490854711414668,0.012568197152540726,0.008157834170155738
48.5,0.23226114680059184,0.005,0.1,3,0.26283146149918846,0.11262551378825135,0.42372620549465234,0.21845452982115385,0.6241515386593088,0.012192430414484506,0.0076099242031970596
49.0,0.23226114680059184,0.005,0.1,3,0.26283146149918846,0.11262551378825135,0.42372620549465234,0.21845452982115385,0.598586165160103,0.011850311898380922,0.007093432755202977
49.5,0.23226114680059184,0.005,0.1,3,0.26283146149918846,0.11262551378825135,0.42372620549465234,0.21845452982115385,0.5725084837629189,0.0115396991587271,0.006606575668443082
50.0,0.23226114680059184,0.005,0.1,3,0.26283146149918846,0.11262551378825135,0.42372620549465234,0.21845452982115385,0.5460477655779928,0.01125858421320852,0.006147724753194177
50.5,0.23226114680059184,0.005,0.1,3,0.26283146149918846,0.11262551378825135,0.42372620549465234,0.21845452982115385,0.5193411601656882,0.011005077786203969,0.0057153898652008124
51.0,0.23226114680059184,0.005,0.1,3,0.26283146149918846,0.11262551378825135,0.42372620549465234,0.21845452982115385,0.49253110437000286,0.010777394946063553,0.005308202235016369
51.5,0.23226114680059184,0.005,0.1,3,0.26283146149918846,0.11262551378825135,0.42372620549465234,0.21845452982115385,0.46576249475648285,0.010573842043695788,0.004924899049432737
52.0,0.23226114680059184,0.005,0.1,3,0.26283146149918846,0.11262551378825135,0.42372620549465234,0.21845452982115385,0.43917973615361466,0.010392804878649487,0.004564309304501281
52.5,0.23226114680059184,0.005,0.1,3,0.26283146149918846,0.11262551378825135,0.42372620549465234,0.21845452982115385,0.41292378881233194,0.010232738035988839,0.004225340959744571
53.0,0.23226114680059184,0.005,0.1,3,0.26283146149918846,0.11262551378825135,0.42372620549465234,0.21845452982115385,0.3871293383151946,0.010092155352679202,0.003906969423856849
53.5,0.23226114680059184,0.005,0.1,3,0.26283146149918846,0.11262551378825135,0.42372620549465234,0.21845452982115385,0.36192220528402813,0.009969621485694177,0.0036082273939494654
54.0,0.23226114680059184,0.005,0.1,3,0.26283146149918846,0.11262551378825135,0.42372620549465234,0.21845452982115385,0.3374170967537952,0.00986374456532684,0.0033281960543536083
54.5,0.23226114680059184,0.005,0.1,3,0.26283146149918846,0.11262551378825135,0.42372620549465234,0.21845452982115385,0.31371577923525984,0.009773169925915936,0.0030659976189073247
55.0,0.23226114680059184,0.005,0.1,3,0.26283146149918846,0.11262551378825135,0.42372620549465234,0.21845452982115385,0.2909057270585606,0.009696574912049775,0.002820789174767638
55.5,0.23226114680059184,0.005,0.1,3,0.26283146149918846,0.11262551378825135,0.42372620549465234,0.21845452982115385,0.26905927102410293,0.009632664760978009,0.0025917577586083078
56.0,0.23226114680059184,0.005,0.1,3,0.26283146149918846,0.11262551378825135,0.42372620549465234,0.21845452982115385,0.24823324419568074,0.009580169561186607,0.0023781165701180626
56.5,0.23226114680059184,0.005,0.1,3,0.26283146149918846,0.11262551378825135,0.42372620549465234,0.21845452982115385,0.22846909612357316,0.009537842282702992,0.0021791022052983504
57.0,0.23226114680059184,0.005,0.1,3,0.26283146149918846,0.11262551378825135,0.42372620549465234,0.21845452982115385,0.2097934256740897,0.009504457866641572,0.0019939727750177857
57.5,0.23226114680059184,0.005,0.1,3,0.26283146149918846,0.11262551378825135,0.42372620549465234,0.21845452982115385,0.1922188671295664,0.009478813349873369,0.0018220067638452693
58.0,0.23226114680059184,0.005,0.1,3,0.26283146149918846,0.11262551378825135,0.42372620549465234,0.21845452982115385,0.17574525479484165,0.009459728985783901,0.0016625024808967408
58.5,0.23226114680059184,0.005,0.1,3,0.26283146149918846,0.11262551378825135,0.42372620549465234,0.21845452982115385,0.16036098785618,0.009446050304350398,0.0015147779581447995
59.0,0.23226114680059184,0.005,0.1,3,0.26283146149918846,0.11262551378825135,0.42372620549465234,0.21845452982115385,0.14604451902519472,0.009436651034911718,0.0013781711616022878
59.5,0.23226114680059184,0.005,0.1,3,0.26283146149918846,0.11262551378825135,0.42372620549465234,0.21845452982115385,0.1327658965472093,0.009430436793916364,0.001252040395776096
60.0,0.23226114680059184,0.005,0.1,3,0.26283146149918846,0.11262551378825135,0.42372620549465234,0.21845452982115385,0.12048829826142572,0.00942634941868898,0.0011357648002754148
60.5,0.23226114680059184,0.005,0.1,3,0.26283146149918846,0.11262551378825135,0.42372620549465234,0.21845452982115385,0.10916950734504528,0.009423371808064147,0.0010287448578155515
61.0,0.23226114680059184,0.005,0.1,3,0.26283146149918846,0.11262551378825135,0.42372620549465234,0.21845452982115385,0.09876329103189745,0.009420533112878673,0.0009304028535028632
61.5,0.23226114680059184,0.005,0.1,3,0.26283146149918846,0.11262551378825135,0.42372620549465234,0.21845452982115385,0.08922065503190452,0.00941691410506421,0.0008401832448330096
62.0,0.23226114680059184,0.005,0.1,3,0.26283146149918846,0.11262551378825135,0.42372620549465234,0.21845452982115385,0.08049095688527853,0.009411652544614258,0.0007575529191877682
62.5,0.23226114680059184,0.005,0.1,3,0.26283146149918846,0.11262551378825135,0.42372620549465234,0.21845452982115385,0.07252287059826425,0.009403948359993542,0.0006820013300245709
63.0,0.23226114680059184,0.005,0.1,3,0.26283146149918846,0.11262551378825135,0.42372620549465234,0.21845452982115385,0.06526520237922656,0.009393068460310027,0.000613040514024064
63.5,0.23226114680059184,0.005,0.1,3,0.26283146149918846,0.11262551378825135,0.42372620549465234,0.21845452982115385,0.05866756306245114,0.009378351007119713,0.0005502049991319979
64.0,0.23226114680059184,0.005,0.1,3,0.26283146149918846,0.11262551378825135,0.42372620549465234,0.21845452982115385,0.05268090694923241,0.009359208990015376,0.0004930516179214194
64.5,0.23226114680059184,0.005,0.1,3,0.26283146149918846,0.11262551378825135,0.42372620549465234,0.21845452982115385,0.047257949483130536,0.00933513297267016,0.0004411592424407526
65.0,0.23226114680059184,0.005,0.1,3,0.26283146149918846,0.11262551378825135,0.42372620549465234,0.21845452982115385,0.04235347763384691,0.009305692903868278,0.00039412845627143306
65.5,0.23226114680059184,0.005,0.1,3,0.26283146149918846,0.11262551378825135,0.42372620549465234,0.21845452982115385,0.037924567337405894,0.009270538920004496,0.0003515811775257526
66.0,0.23226114680059184,0.005,0.1,3,0.26283146149918846,0.11262551378825135,0.42372620549465234,0.21845452982115385,0.03393072206998293,0.009229401100051923,0.0003131602435982566
66.5,0.23226114680059184,0.005,0.1,3,0.26283146149918846,0.11262551378825135,0.42372620549465234,0.21845452982115385,0.030333945837938966,0.009182088169402733,0.00027852896520984266
67.0,0.23226114680059184,0.005,0.1,3,0.26283146149918846,0.11262551378825135,0.42372620549465234,0.21845452982115385,0.027098762735392103,0.009128485183561326,0.0002473706541228706
67.5,0.23226114680059184,0.005,0.1,3,0.26283146149918846,0.11262551378825135,0.42372620549465234,0.21845452982115385,0.024192193905763264,0.009068550254783274,0.00021938812620787582
68.0,0.23226114680059184,0.005,0.1,3,0.26283146149918846,0.11262551378825135,0.42372620549465234,0.21845452982115385,0.021583701362934752,0.00900231041297431,0.00019430317953007532
68.5,0.23226114680059184,0.005,0.1,3,0.26283146149918846,0.11262551378825135,0.42372620549465234,0.21845452982115385,0.019245106766589925,0.008929856715352427,0.00017185604589730746
69.0,0.23226114680059184,0.005,0.1,3,0.26283146149918846,0.11262551378825135,0.42372620549465234,0.21845452982115385,0.017150491962931134,0.008851338736746144,0.00015180481386574575
69.5,0.23226114680059184,0.005,0.1,3,0.26283146149918846,0.11262551378825135,0.42372620549465234,0.21845452982115385,0.01527608693166256,0.008766958583552547,0.00013392482144863397
70.0,0.23226114680059184,0.005,0.1,3,0.26283146149918846,0.11262551378825135,0.42372620549465234,0.21845452982115385,0.013600149740747292,0.008676964579288187,0.00011800801757347968
70.5,0.23226114680059184,0.005,0.1,3,0.26283146149918846,0.11262551378825135,0.42372620549465234,0.21845452982115385,0.012102842206997243,0.008581644768662126,0.00010386229251162107
71.0,0.23226114680059184,0.005,0.1,3,0.26283146149918846,0.11262551378825135,0.42372620549465234,0.21845452982115385,0.010766104189171042,0.008481320380800423,9.131077888143718e-05
71.5,0.23226114680059184,0.005,0.1,3,0.26283146149918846,0.11262551378825135,0.42372620549465234,0.21845452982115385,0.009573528791478632,0.008376339381492338,8.019112623591321e-05
72.0,0.23226114680059184,0.005,0.1,3,0.26283146149918846,0.11262551378825135,0.42372620549465234,0.21845452982115385,0.00851024021666504,0.008267070230084845,7.035475354606235e-05
72.5,0.23226114680059184,0.005,0.1,3,0.26283146149918846,0.11262551378825135,0.42372620549465234,0.21845452982115385,0.007562775565381593,0.008153895939957974,6.166608497737834e-05
73.0,0.23226114680059184,0.005,0.1,3,0.26283146149918846,0.11262551378825135,0.42372620549465234,0.21845452982115385,0.0067189715185896415,0.008037208523389544,5.4001775157620255e-05
73.5,0.23226114680059184,0.005,0.1,3,0.26283146149918846,0.11262551378825135,0.42372620549465234,0.21845452982115385,0.005967856549369682,0.00791740388301254,4.724993061724134e-05
74.0,0.23226114680059184,0.005,0.1,3,0.26283146149918846,0.11262551378825135,0.42372620549465234,0.21845452982115385,0.005299549078097416,0.007794877193810852,4.130933424634288e-05
74.5,0.23226114680059184,0.005,0.1,3,0.26283146149918846,0.11262551378825135,0.42372620549465234,0.21845452982115385,0.004705161800379837,0.0076700188023729144,3.608867947712015e-05
75.0,0.23226114680059184,0.005,0.1,3,0.26283146149918846,0.11262551378825135,0.42372620549465234,0.21845452982115385,0.004176712271783059,0.007543210654449126,3.150582050908238e-05
75.5,0.23226114680059184,0.005,0.1,3,0.26283146149918846,0.11262551378825135,0.42372620549465234,0.21845452982115385,0.0037070397200322912,0.007414823248098979,2.7487044297721764e-05
76.0,0.23226114680059184,0.005,0.1,3,0.26283146149918846,0.11262551378825135,0.42372620549465234,0.21845452982115385,0.003289727968069414,0.0072852130980760755,2.3966369282086488e-05
76.5,0.23226114680059184,0.005,0.1,3,0.26283146149918846,0.11262551378825135,0.42372620549465234,0.21845452982115385,0.0029190342852559205,0.0071547206876598135,2.0884874988708812e-05
77.0,0.23226114680059184,0.005,0.1,3,0.26283146149918846,0.11262551378825135,0.42372620549465234,0.21845452982115385,0.002589823935147575,0.007023668876865119,1.8190065769856372e-05
77.5,0.23226114680059184,0.005,0.1,3,0.26283146149918846,0.11262551378825135,0.42372620549465234,0.21845452982115385,0.0022975101534265414,0.006892361730724454,1.583527105742796e-05
78.0,0.23226114680059184,0.005,0.1,3,0.26283146149918846,0.11262551378825135,0.42372620549465234,0.21845452982115385,0.0020379992661258995,0.006761083727953422,1.3779083675784834e-05
78.5,0.23226114680059184,0.005,0.1,3,0.26283146149918846,0.11262551378825135,0.42372620549465234,0.21845452982115385,0.0018076406440766077,0.006630099308558167,1.1984836984413957e-05
79.0,0.23226114680059184,0.005,0.1,3,0.26283146149918846,0.11262551378825135,0.42372620549465234,0.21845452982115385,0.0016031811827688345,0.006499652718573034,1.0420120932948588e-05
79.5,0.23226114680059184,0.005,0.1,3,0.26283146149918846,0.11262551378825135,0.42372620549465234,0.21845452982115385,0.001421723996076521,0.006369968110880904,9.056336517481605e-06
80.0,0.23226114680059184,0.005,0.1,3,0.26283146149918846,0.11262551378825135,0.42372620549465234,0.21845452982115385,0.0012606910163124275,0.006241249862724028,7.868287632497354e-06
80.5,0.23226114680059184,0.005,0.1,3,0.26283146149918846,0.11262551378825135,0.42372620549465234,0.21845452982115385,0.001117789200824642,0.006113683072835846,6.833808916080322e-06
81.0,0.23226114680059184,0.005,0.1,3,0.26283146149918846,0.11262551378825135,0.42372620549465234,0.21845452982115385,0.0009909800559381422,0.005987434203912604,5.933427882319258e-06
81.5,0.23226114680059184,0.005,0.1,3,0.26283146149918846,0.11262551378825135,0.42372620549465234,0.21845452982115385,0.00087845220175177,0.005862651839223475,5.150059416269926e-06
82.0,0.23226114680059184,0.005,0.1,3,0.26283146149918846,0.11262551378825135,0.42372620549465234,0.21845452982115385,0.0007785967154961867,0.0057394675253819045,4.4687305639593776e-06
82.5,0.23226114680059184,0.005,0.1,3,0.26283146149918846,0.11262551378825135,0.42372620549465234,0.21845452982115385,0.0006899850063276099,0.0056179966765502205,3.8763334724179954e-06
83.0,0.23226114680059184,0.005,0.1,3,0.26283146149918846,0.11262551378825135,0.42372620549465234,0.21845452982115385,0.0006113489901376595,0.005498339518529698,3.361404312087116e-06
83.5,0.23226114680059184,0.005,0.1,3,0.26283146149918846,0.11262551378825135,0.42372620549465234,0.21845452982115385,0.0005415633488513542,0.005380582054228681,2.9139260360575827e-06
84.0,0.23226114680059184,0.005,0.1,3,0.26283146149918846,0.11262551378825135,0.42372620549465234,0.21845452982115385,0.00047962967447505564,0.005264797034851883,2.525152888003247e-06
84.5,0.23226114680059184,0.005,0.1,3,0.26283146149918846,0.11262551378825135,0.42372620549465234,0.21845452982115385,0.0004246623136160912,0.0051510449237809125,2.1874546548732243e-06
85.0,0.23226114680059184,0.005,0.1,3,0.26283146149918846,0.11262551378825135,0.42372620549465234,0.21845452982115385,0.00037587574315184845,0.005039374842501004,1.8941787639457942e-06
85.5,0.23226114680059184,0.005,0.1,3,0.26283146149918846,0.11262551378825135,0.42372620549465234,0.21845452982115385,0.0003325733220462114,0.00492982549006443,1.6395284403388195e-06
86.0,0.23226114680059184,0.005,0.1,3,0.26283146149918846,0.11262551378825135,0.42372620549465234,0.21845452982115385,0.00029413727790178034,0.0048224260294683794,1.4184552651905198e-06
86.5,0.23226114680059184,0.005,0.1,3,0.26283146149918846,0.11262551378825135,0.42372620549465234,0.21845452982115385,0.00026001979963678697,0.004717196935972891,1.2265646021389364e-06
87.0,0.23226114680059184,0.005,0.1,3,0.26283146149918846,0.11262551378825135,0.42372620549465234,0.21845452982115385,0.000229735119650351,0.004614150803805404,1.0600324869969977e-06
87.5,0.23226114680059184,0.005,0.1,3,0.26283146149918846,0.11262551378825135,0.42372620549465234,0.21845452982115385,0.00020285247997528424,0.0045132931089090335,9.155326999975581e-07
88.0,0.23226114680059184,0.005,0.1,3,0.26283146149918846,0.11262551378825135,0.42372620549465234,0.21845452982115385,0.00017898988721850697,0.0044146229264096885,7.901728597103054e-07
88.5,0.23226114680059184,0.005,0.1,3,0.26283146149918846,0.11262551378825135,0.42372620549465234,0.21845452982115385,0.00015780857057144667,0.004318133602321728,6.814384913189237e-07
89.0,0.23226114680059184,0.005,0.1,3,0.26283146149918846,0.11262551378825135,0.42372620549465234,0.21845452982115385,0.00013900806586622787,0.004223813379701802,5.871441284922427e-07
89.5,0.23226114680059184,0.005,0.1,3,0.26283146149918846,0.11262551378825135,0.42372620549465234,0.21845452982115385,0.00012232185659050106,0.0041316459800145415,5.053906070500589e-07
90.0,0.23226114680059184,0.005,0.1,3,0.26283146149918846,0.11262551378825135,0.42372620549465234,0.21845452982115385,0.00010751350999749633,0.004041611140909134,4.345277998041267e-07
90.5,0.23226114680059184,0.005,0.1,3,0.26283146149918846,0.11262551378825135,0.42372620549465234,0.21845452982115385,9.437325299972657e-05,0.003953685111939183,3.7312212535028876e-07
91.0,0.23226114680059184,0.005,0.1,3,0.26283146149918846,0.11262551378825135,0.42372620549465234,0.21845452982115385,8.271493846184073e-05,0.0038678411100045197,3.199282393942016e-07
91.5,0.23226114680059184,0.005,0.1,3,0.26283146149918846,0.11262551378825135,0.42372620549465234,0.21845452982115385,7.237335785481964e-05,0.003784049736466254,2.7386438571770813e-07
92.0,0.23226114680059184,0.005,0.1,3,0.26283146149918846,0.11262551378825135,0.42372620549465234,0.21845452982115385,6.320186104657446e-05,0.003702279357997704,2.339909455397718e-07
92.5,0.23226114680059184,0.005,0.1,3,0.26283146149918846,0.11262551378825135,0.42372620549465234,0.21845452982115385,5.507024832663509e-05,0.0036224964532945146,1.994917792452838e-07
93.0,0.23226114680059184,0.005,0.1,3,0.26283146149918846,0.11262551378825135,0.42372620549465234,0.21845452982115385,4.786290363743195e-05,0.0035446659277867114,1.6965800372854369e-07
93.5,0.23226114680059184,0.005,0.1,3,0.26283146149918846,0.11262551378825135,0.42372620549465234,0.21845452982115385,4.14771414522419e-05,0.0034687513984817146,1.4387389241748797e-07
94.0,0.23226114680059184,0.005,0.1,3,0.26283146149918846,0.11262551378825135,0.42372620549465234,0.21845452982115385,3.582174283801088e-05,0.0033947154510276236,1.2160462389493366e-07
94.5,0.23226114680059184,0.005,0.1,3,0.26283146149918846,0.11262551378825135,0.42372620549465234,0.21845452982115385,3.081565900519928e-05,0.003322519871026211,1.0238563938354242e-07
95.0,0.23226114680059184,0.005,0.1,3,0.26283146149918846,0.11262551378825135,0.42372620549465234,0.21845452982115385,2.638686310973471e-05,0.0032521258515500577,8.581339966048079e-08
95.5,0.23226114680059184,0.005,0.1,3,0.26283146149918846,0.11262551378825135,0.42372620549465234,0.21845452982115385,2.247133326395371e-05,0.0031834941787324796,7.153735863415417e-08
96.0,0.23226114680059184,0.005,0.1,3,0.26283146149918846,0.11262551378825135,0.42372620549465234,0.21845452982115385,1.9012151662334598e-05,0.0031165853972057326,5.92529942402927e-08
96.5,0.23226114680059184,0.005,0.1,3,0.26283146149918846,0.11262551378825135,0.42372620549465234,0.21845452982115385,1.595870645858227e-05,0.003051359957065228,4.8695757854276164e-08
97.0,0.23226114680059184,0.005,0.1,3,0.26283146149918846,0.11262551378825135,0.42372620549465234,0.21845452982115385,1.3265984567050805e-05,0.002987778343937736,3.9635821400446616e-08
97.5,0.23226114680059184,0.005,0.1,3,0.26283146149918846,0.11262551378825135,0.42372620549465234,0.21845452982115385,1.0893944923769688e-05,0.0029258011936313458,3.1873517061319494e-08
98.0,0.23226114680059184,0.005,0.1,3,0.26283146149918846,0.11262551378825135,0.42372620549465234,0.21845452982115385,8.80696294983479e-06,0.0028653893927459467,2.523537821876316e-08
98.5,0.23226114680059184,0.005,0.1,3,0.26283146149918846,0.11262551378825135,0.42372620549465234,0.21845452982115385,6.973338029413137e-06,0.0028065041665263587,1.9570702234144677e-08
99.0,0.23226114680059184,0.005,0.1,3,0.26283146149918846,0.11262551378825135,0.42372620549465234,0.21845452982115385,5.364856761486544e-06,0.002749107155146628,1.4748566109339423e-08
99.5,0.23226114680059184,0.005,0.1,3,0.26283146149918846,0.11262551378825135,0.42372620549465234,0.21845452982115385,3.9564055822921095e-06,0.0026931604795242888,1.065523515519839e-08
100.0,0.23226114680059184,0.005,0.1,3,0.26283146149918846,0.11262551378825135,0.42372620549465234,0.21845452982115385,2.725627096739032e-06,0.0026386267976778134,7.191912697932387e-09
100.5,0.23226114680059184,0.005,0.1,3,0.26283146149918846,0.11262551378825135,0.42372620549465234,0.21845452982115385,1.6526151124224668e-06,0.0025854693525594157,4.272785724744821e-09
101.0,0.23226114680059184,0.005,0.1,3,0.26283146149918846,0.11262551378825135,0.42372620549465234,0.21845452982115385,7.196439494378825e-07,0.0025336520122189662,1.823327340574495e-09
101.5,0.23226114680059184,0.005,0.1,3,0.26283146149918846,0.11262551378825135,0.42372620549465234,0.21845452982115385,-8.907188855958781e-08,0.002483139303083023,-2.211779072821436e-10
102.0,0.23226114680059184,0.005,0.1,3,0.26283146149918846,0.11262551378825135,0.42372620549465234,0.21845452982115385,-7.875911439323942e-07,0.002433896437065988,-1.91691527908178e-09
102.5,0.23226114680059184,0.005,0.1,3,0.26283146149918846,0.11262551378825135,0.42372620549465234,0.21845452982115385,-1.3884353971356835e-06,0.002385889333167858,-3.312653203818706e-09
103.0,0.23226114680059184,0.005,0.1,3,0.26283146149918846,0.11262551378825135,0.42372620549465234,0.21845452982115385,-1.90275752959625e-06,0.0023390846341550795,-4.4507109000014675e-09
103.5,0.23226114680059184,0.005,0.1,3,0.26283146149918846,0.11262551378825135,0.42372620549465234,0.21845452982115385,-2.3404914534605154e-06,0.0022934497188672417,-5.3677994659502006e-09
104.0,0.23226114680059184,0.005,0.1,3,0.26283146149918846,0.11262551378825135,0.42372620549465234,0.21845452982115385,-2.7104852282629575e-06,0.0022489527106427185,-6.095753101259026e-09
104.5,0.23226114680059184,0.005,0.1,3,0.26283146149918846,0.11262551378825135,0.42372620549465234,0.21845452982115385,-3.0206194407683048e-06,0.0022055624823105633,-6.6621649118964876e-09
105.0,0.23226114680059184,0.005,0.1,3,0.26283146149918846,0.11262551378825135,0.42372620549465234,0.21845452982115385,-3.2779125087633898e-06,0.002163248658153928,-7.090939836128379e-09
105.5,0.23226114680059184,0.005,0.1,3,0.26283146149918846,0.11262551378825135,0.42372620549465234,0.21845452982115385,-3.488614379187722e-06,0.002121981613211531,-7.402775568221706e-09
106.0,0.23226114680059184,0.005,0.1,3,0.26283146149918846,0.11262551378825135,0.42372620549465234,0.21845452982115385,-3.6582899227102632e-06,0.0020817324702483682,-7.615580917688348e-09
106.5,0.23226114680059184,0.005,0.1,3,0.26283146149918846,0.11262551378825135,0.42372620549465234,0.21845452982115385,-3.791893178134234e-06,0.00204247309469435,-7.744839794294223e-09
107.0,0.23226114680059184,0.005,0.1,3,0.26283146149918846,0.11262551378825135,0.42372620549465234,0.21845452982115385,-3.893833468489283e-06,0.002004176087819997,-7.803927927499421e-09
107.5,0.23226114680059184,0.005,0.1,3,0.26283146149918846,0.11262551378825135,0.42372620549465234,0.21845452982115385,-3.9680342944480915e-06,0.001966814778391236,-7.804388491483747e-09
108.0,0.23226114680059184,0.005,0.1,3,0.26283146149918846,0.11262551378825135,0.42372620549465234,0.21845452982115385,-4.017985807869478e-06,0.001930363213020759,-7.756171993950736e-09
108.5,0.23226114680059184,0.005,0.1,3,0.26283146149918846,0.11262551378825135,0.42372620549465234,0.21845452982115385,-4.046791577297874e-06,0.0018947961454109468,-7.667845081945496e-09
109.0,0.23226114680059184,0.005,0.1,3,0.26283146149918846,0.11262551378825135,0.42372620549465234,0.21845452982115385,-4.0572102768484326e-06,0.0018600890246630154,-7.546772306715763e-09
109.5,0.23226114680059184,0.005,0.1,3,0.26283146149918846,0.11262551378825135,0.42372620549465234,0.21845452982115385,-4.051692858634265e-06,0.0018262179828085192,-7.39927435925475e-09
110.0,0.23226114680059184,0.005,0.1,3,0.26283146149918846,0.11262551378825135,0.42372620549465234,0.21845452982115385,-4.032415705928772e-06,0.0017931598217025568,-7.230765828273826e-09
110.5,0.23226114680059184,0.005,0.1,3,0.26283146149918846,0.11262551378825135,0.42372620549465234,0.21845452982115385,-4.001310208409727e-06,0.0017608919994028453,-7.045875133117619e-09
111.0,0.23226114680059184,0.005,0.1,3,0.26283146149918846,0.11262551378825135,0.42372620549465234,0.21845452982115385,-3.960089151445961e-06,0.0017293926161450254,-6.848548937786664e-09
111.5,0.23226114680059184,0.005,0.1,3,0.26283146149918846,0.11262551378825135,0.42372620549465234,0.21845452982115385,-3.910270267589627e-06,0.0016986404000121462,-6.6421430514940455e-09
112.0,0.23226114680059184,0.005,0.1,3,0.26283146149918846,0.11262551378825135,0.42372620549465234,0.21845452982115385,-3.853197259665619e-06,0.0016686146923849978,-6.4295015601356635e-09
112.5,0.23226114680059184,0.005,0.1,3,0.26283146149918846,0.11262551378825135,0.42372620549465234,0.21845452982115385,-3.7900585704456454e-06,0.0016392954332498527,-6.213025706281011e-09
113.0,0.23226114680059184,0.005,0.1,3,0.26283146149918846,0.11262551378825135,0.42372620549465234,0.21845452982115385,-3.721904143440847e-06,0.0016106631464309874,-5.994733838388964e-09
113.5,0.23226114680059184,0.005,0.1,3,0.26283146149918846,0.11262551378825135,0.42372620549465234,0.21845452982115385,-3.6496603922760572e-06,0.0015826989248071367,-5.776313578766508e-09
114.0,0.23226114680059184,0.005,0.1,3,0.26283146149918846,0.11262551378825135,0.42372620549465234,0.21845452982115385,-3.5741435721561657e-06,0.001555384415563614,-5.5591672111185655e-09
114.5,0.23226114680059184,0.005,0.1,3,0.26283146149918846,0.11262551378825135,0.42372620549465234,0.21845452982115385,-3.496071725620947e-06,0.0015287018055251682,-5.344451159202232e-09
115.0,0.23226114680059184,0.005,0.1,3,0.26283146149918846,0.11262551378825135,0.42372620549465234,0.21845452982115385,-3.4160753559214565e-06,0.0015026338066086418,-5.133110315730229e-09
115.5,0.23226114680059184,0.005,0.1,3,0.26283146149918846,0.11262551378825135,0.42372620549465234,0.21845452982115385,-3.3347069645333422e-06,0.0014771636414291714,-4.925907882829291e-09
116.0,0.23226114680059184,0.005,0.1,3,0.26283146149918846,0.11262551378825135,0.42372620549465234,0.21845452982115385,-3.25244957445647e-06,0.0014522750290888145,-4.723451300353672e-09
116.5,0.23226114680059184,0.005,0.1,3,0.26283146149918846,0.11262551378825135,0.42372620549465234,0.21845452982115385,-3.169724347672663e-06,0.0014279521711722289,-4.526214764276656e-09
117.0,0.23226114680059184,0.005,0.1,3,0.26283146149918846,0.11262551378825135,0.42372620549465234,0.21845452982115385,-3.086897393386166e-06,0.00140417973797015,-4.334558772985726e-09
117.5,0.23226114680059184,0.005,0.1,3,0.26283146149918846,0.11262551378825135,0.42372620549465234,0.21845452982115385,-3.0042858531888227e-06,0.001380942854948014,-4.148747083182503e-09
118.0,0.23226114680059184,0.005,0.1,3,0.26283146149918846,0.11262551378825135,0.42372620549465234,0.21845452982115385,-2.9221633399843525e-06,0.001358227089474007,-3.96896140823459e-09
118.5,0.23226114680059184,0.005,0.1,3,0.26283146149918846,0.11262551378825135,0.42372620549465234,0.21845452982115385,-2.8407647992333337e-06,0.001336018437818091,-3.7953141492803416e-09
119.0,0.23226114680059184,0.005,0.1,3,0.26283146149918846,0.11262551378825135,0.42372620549465234,0.21845452982115385,-2.7602908536845354e-06,0.0013143033124311785,-3.6278594122710707e-09
119.5,0.23226114680059184,0.005,0.1,3,0.26283146149918846,0.11262551378825135,0.42372620549465234,0.21845452982115385,-2.6809116862224184e-06,0.0012930685295114515,-3.4666025318536885e-09
120.0,0.23226114680059184,0.005,0.1,3,0.26283146149918846,0.11262551378825135,0.42372620549465234,0.21845452982115385,-2.6027705095896535e-06,0.0012723012968629689,-3.3115082947876063e-09
120.5,0.23226114680059184,0.005,0.1,3,0.26283146149918846,0.11262551378825135,0.42372620549465234,0.21845452982115385,-2.52598666655172e-06,0.0012519892020500002,-3.162508031045028e-09
121.0,0.23226114680059184,0.005,0.1,3,0.26283146149918846,0.11262551378825135,0.42372620549465234,0.21845452982115385,-2.4506583994178906e-06,0.0012321202008491068,-3.019505719303322e-09
121.5,0.23226114680059184,0.005,0.1,3,0.26283146149918846,0.11262551378825135,0.42372620549465234,0.21845452982115385,-2.3768653237058814e-06,0.0012126826059996492,-2.882383234861848e-09
122.0,0.23226114680059184,0.005,0.1,3,0.26283146149918846,0.11262551378825135,0.42372620549465234,0.21845452982115385,-2.3046706370353224e-06,0.0011936650762523248,-2.751004851693262e-09
122.5,0.23226114680059184,0.005,0.1,3,0.26283146149918846,0.11262551378825135,0.42372620549465234,0.21845452982115385,-2.234123091053597e-06,0.001175056605714333,-2.6252210961214528e-09
123.0,0.23226114680059184,0.005,0.1,3,0.26283146149918846,0.11262551378825135,0.42372620549465234,0.21845452982115385,-2.1652587512593062e-06,0.001156846513488924,-2.5048720371957095e-09
123.5,0.23226114680059184,0.005,0.1,3,0.26283146149918846,0.11262551378825135,0.42372620549465234,0.21845452982115385,-2.0981025669531184e-06,0.0011390244336063515,-2.389790087971808e-09
124.0,0.23226114680059184,0.005,0.1,3,0.26283146149918846,0.11262551378825135,0.42372620549465234,0.21845452982115385,-2.032669771234604e-06,0.001121580305242641,-2.279802382478796e-09
124.5,0.23226114680059184,0.005,0.1,3,0.26283146149918846,0.11262551378825135,0.42372620549465234,0.21845452982115385,-1.9689671288366004e-06,0.0011045043632220066,-2.174732784840732e-09
125.0,0.23226114680059184,0.005,0.1,3,0.26283146149918846,0.11262551378825135,0.42372620549465234,0.21845452982115385,-1.9069940477525786e-06,0.001087787128798363,-2.074403579840346e-09
125.5,0.23226114680059184,0.005,0.1,3,0.26283146149918846,0.11262551378825135,0.42372620549465234,0.21845452982115385,-1.8467435689215379e-06,0.00107141940071093,-1.978636887880678e-09
126.0,0.23226114680059184,0.005,0.1,3,0.26283146149918846,0.11262551378825135,0.42372620549465234,0.21845452982115385,-1.7882032467597024e-06,0.001055392246508676,-1.8872558418118304e-09
126.5,0.23226114680059184,0.005,0.1,3,0.26283146149918846,0.11262551378825135,0.42372620549465234,0.21845452982115385,-1.7313559319784715e-06,0.0010396969941380556,-1.8000855582611088e-09
127.0,0.23226114680059184,0.005,0.1,3,0.26283146149918846,0.11262551378825135,0.42372620549465234,0.21845452982115385,-1.6761804669507507e-06,0.0010243252237883138,-1.716953931918928e-09
127.5,0.23226114680059184,0.005,0.1,3,0.26283146149918846,0.11262551378825135,0.42372620549465234,0.21845452982115385,-1.6226523028050863e-06,0.0010092687599884689,-1.637692277544523e-09
128.0,0.23226114680059184,0.005,0.1,3,0.26283146149918846,0.11262551378825135,0.42372620549465234,0.21845452982115385,-1.5707440464876686e-06,0.0009945196639499715,-1.5621358412643346e-09
128.5,0.23226114680059184,0.005,0.1,3,0.26283146149918846,0.11262551378825135,0.42372620549465234,0.21845452982115385,-1.520425945162441e-06,0.000980070226148965,-1.4901241999181076e-09
129.0,0.23226114680059184,0.005,0.1,3,0.26283146149918846,0.11262551378825135,0.42372620549465234,0.21845452982115385,-1.4716663145637462e-06,0.0009659129591420155,-1.4215015647698922e-09
129.5,0.23226114680059184,0.005,0.1,3,0.26283146149918846,0.11262551378825135,0.42372620549465234,0.21845452982115385,-1.4244319172309235e-06,0.0009520405906091677,-1.3561170037630776e-09
130.0,0.23226114680059184,0.005,0.1,3,0.26283146149918846,0.11262551378825135,0.42372620549465234,0.21845452982115385,-1.3786882959309583e-06,0.0009384460566181989,-1.2938245946220722e-09
130.5,0.23226114680059184,0.005,0.1,3,0.26283146149918846,0.11262551378825135,0.42372620549465234,0.21845452982115385,-1.3344000670377046e-06,0.0009251224951039329,-1.2344835194847767e-09
131.0,0.23226114680059184,0.005,0.1,3,0.26283146149918846,0.11262551378825135,0.42372620549465234,0.21845452982115385,-1.291531178133398e-06,0.0009120632395565748,-1.1779581103166666e-09
131.5,0.23226114680059184,0.005,0.1,3,0.26283146149918846,0.11262551378825135,0.42372620549465234,0.21845452982115385,-1.2500451336617888e-06,0.0008992618129130347,-1.124117853119817e-09
132.0,0.23226114680059184,0.005,0.1,3,0.26283146149918846,0.11262551378825135,0.42372620549465234,0.21845452982115385,-1.209905192065593e-06,0.0008867119216453207,-1.0728373578651329e-09
132.5,0.23226114680059184,0.005,0.1,3,0.26283146149918846,0.11262551378825135,0.42372620549465234,0.21845452982115385,-1.171074537482912e-06,0.000874407450040143,-1.023996300127373e-09
133.0,0.23226114680059184,0.005,0.1,3,0.26283146149918846,0.11262551378825135,0.42372620549465234,0.21845452982115385,-1.1335164287633507e-06,0.0008623424546639809,-9.774793395817373e-10
133.5,0.23226114680059184,0.005,0.1,3,0.26283146149918846,0.11262551378825135,0.42372620549465234,0.21845452982115385,-1.0971943282745761e-06,0.000850511159007956,-9.331760197977654e-10
134.0,0.23226114680059184,0.005,0.1,3,0.26283146149918846,0.11262551378825135,0.42372620549465234,0.21845452982115385,-1.0620720127172695e-06,0.0008389079483069791,-8.909806531429084e-10
134.5,0.23226114680059184,0.005,0.1,3,0.26283146149918846,0.11262551378825135,0.42372620549465234,0.21845452982115385,-1.0281136679354715e-06,0.0008275273645277319,-8.507921940615804e-10
135.0,0.23226114680059184,0.005,0.1,3,0.26283146149918846,0.11262551378825135,0.42372620549465234,0.21845452982115385,-9.952839695013082e-07,0.0008163641015201897,-8.125141035193833e-10
135.5,0.23226114680059184,0.005,0.1,3,0.26283146149918846,0.11262551378825135,0.42372620549465234,0.21845452982115385,-9.635481506708953e-07,0.0008054130003274927,-7.760542069918528e-10
136.0,0.23226114680059184,0.005,0.1,3,0.26283146149918846,0.11262551378825135,0.42372620549465234,0.21845452982115385,-9.328720591402343e-07,0.0007946690446491157,-7.413245480168234e-10
136.5,0.23226114680059184,0.005,0.1,3,0.26283146149918846,0.11262551378825135,0.42372620549465234,0.21845452982115385,-9.032222038816337e-07,0.0007841273564523942,-7.082412390188108e-10
137.0,0.23226114680059184,0.005,0.1,3,0.26283146149918846,0.11262551378825135,0.42372620549465234,0.21845452982115385,-8.745657932060451e-07,0.0007737831917276163,-6.76724310842768e-10
137.5,0.23226114680059184,0.005,0.1,3,0.26283146149918846,0.11262551378825135,0.42372620549465234,0.21845452982115385,-8.468707650786559e-07,0.0007636319363819984,-6.466975622023185e-10
138.0,0.23226114680059184,0.005,0.1,3,0.26283146149918846,0.11262551378825135,0.42372620549465234,0.21845452982115385,-8.201058106062038e-07,0.0007536691022679988,-6.18088410044347e-10
138.5,0.23226114680059184,0.005,0.1,3,0.26283146149918846,0.11262551378825135,0.42372620549465234,0.21845452982115385,-7.942403915154724e-07,0.0007438903233415559,-5.908277416553687e-10
139.0,0.23226114680059184,0.005,0.1,3,0.26283146149918846,0.11262551378825135,0.42372620549465234,0.21845452982115385,-7.692447523603389e-07,0.0007342913519459542,-5.64849769188004e-10
139.5,0.23226114680059184,0.005,0.1,3,0.26283146149918846,0.11262551378825135,0.42372620549465234,0.21845452982115385,-7.450899281121779e-07,0.0007248680552171602,-5.400918871525681e-10
140.0,0.23226114680059184,0.005,0.1,3,0.26283146149918846,0.11262551378825135,0.42372620549465234,0.21845452982115385,-7.217477477198733e-07,0.000715616411606578,-5.164945333084254e-10
