Gamma_over_gamma_e,abs_R_full_optical,abs_R_all_coherences,abs_R_selective_e2,abs_R_class_I
0.01,0.7769973820764944,0.7072310863245069,0.7864722433018408,0.0
0.010553861030365236,0.7764733590595524,0.7032275639767436,0.7864672905922546,8.522663017043966e-17
0.011138398264826195,0.7759209551820249,0.6990427224715282,0.7864620639928198,1.1102230246251565e-16
0.011755310738783694,0.7753386704610578,0.6946704828532216,0.786456548381956,2.378022614446757e-16
0.012406391590588319,0.7747249298079805,0.6901047830847917,0.7864507278060568,1.1102230246251565e-16
0.013093533273536101,0.7740780797391009,0.6853396051265052,0.7864445854340392,1.1102230246251565e-16
0.013818733056536322,0.773396384997147,0.6803690046226026,0.7864381035094451,2.220446049250313e-16
0.014584098829439862,0.7726780250879066,0.6751871432547357,0.7864312632999728,1.1102230246251565e-16
0.015391855229902053,0.7719210907377864,0.6697883237975325,0.7864240450443019,1.1102230246251565e-16
0.01624435010958867,0.7711235802793024,0.6641670278840137,0.7864164278960749,1.1102230246251565e-16
0.017144061358519713,0.7702833959729725,0.6583179564565054,0.7864083898648879,0.0
0.018093604107387164,0.7693983402756868,0.6522360728420615,0.7863999077541383,1.1102230246251565e-16
0.019095738328780976,0.7684661120674248,0.6459166483501738,0.78639095709557,0.0
0.02015337685941733,0.7674843028501607,0.6393553102447637,0.7863815120803497,1.1102230246251565e-16
0.02126959386668691,0.7664503929349898,0.6325480918923388,0.7863715454864998,1.1102230246251565e-16
0.022447633784132236,0.7653617476358854,0.6254914848340373,0.7863610286025066,1.1102230246251565e-16
0.023690920741826334,0.764215613491135,0.6181824924716415,0.786349931146915,1.1102230246251565e-16
0.025003068519063237,0.7630091145363596,0.6106186849971487,0.7863382211837123,2.220446049250313e-16
0.02638789104828933,0.7617392486561309,0.6027982551330289,0.7863258650332967,2.373648161185925e-16
0.02784941350080644,0.7604028840445872,0.5947200741869852,0.7863128271788162,0.0
0.02939188398646886,0.758996755809084,0.5863837478620826,0.7862990701676599,0.0
0.031019785901380968,0.7575174627548461,0.5777896712020705,0.7862845545078694,0.0
0.03273785095948577,0.7559614643927894,0.5689390819942101,0.7862692385592361,1.1102230246251565e-16
0.03455107294592218,0.7543250782171615,0.5598341118997759,0.7862530784188384,1.1102230246251565e-16
0.03646472223212749,0.7526044773044138,0.5504778345375672,0.7862360278007665,1.1102230246251565e-16
0.03848436109487429,0.7507956882897426,0.5408743097102787,0.7862180379097748,2.220446049250313e-16
0.0406158598837698,0.7488945897830136,0.53102862293945,0.7861990573085976,0.0
0.04286541408420925,0.7468969112912912,0.52094691946396,0.7861790317786517,1.3834932958601368e-16
0.04523956232538053,0.7447982327208955,0.5106364318614756,0.7861579041738503,1.1102230246251565e-16
0.047745205385661287,0.742593984537771,0.5001055004735678,0.7861356142672425,0.0
0.0503896262506515,0.7402794486709093,0.48936358585466677,0.7861120985901932,0.0
0.053180511282142,0.7378497602495704,0.47842127252359645,0.7860872902638106,1.1102230246251565e-16
0.056125972559549715,0.7352999102710077,0.467290263374535,0.7860611188223346,1.37724716864138e-16
0.05923457145875803,0.7326247493012242,0.4559833642017739,0.7860335100281917,0.0
0.06251534353689711,0.7298189923168614,0.4445144579088832,0.7860043856784311,2.363581252424302e-16
0.06597782479539537,0.7268772248015255,0.4328984681064346,0.785973663402262,1.1102230246251565e-16
0.06963207939763882,0.7237939102145159,0.4211513119512325,0.7859412564494157,1.1102230246251565e-16
0.07348872892180387,0.720563398953894,0.40928984224136894,0.7859070734690725,0.0
0.07755898323389002,0.7171799389388915,0.3973317789520249,0.7858710182791092,1.1102230246251565e-16
0.08185467307069029,0.7136376879386258,0.3852956305729712,0.7858329896254422,0.0
0.08638828442740444,0.7099307277746907,0.37320060578592273,0.7857928809312679,1.1102230246251565e-16
0.09117299484984921,0.7060530805241892,0.361066516193762,0.7857505800360352,7.884355296899995e-17
0.09622271173675134,0.7019987268468916,0.3489136709795366,0.785705968924026,7.847480873302697e-17
0.10155211276345681,0.6977616265551115,0.33676276452647264,0.7856589234424672,7.808928611340822e-17
0.10717668854455029,0.6933357415373376,0.3246347581667513,0.7856093130091566,1.3550324820377912e-16
0.11311278765939213,0.6887150611362604,0.3125507573425024,0.7855570003096545,1.1102230246251565e-16
0.11937766417144363,0.6838936300683325,0.3005318855541579,0.7855018409841792,1.1102230246251565e-16
0.12598952777950273,0.6788655789550386,0.28859915653634,0.7854436833044364,2.220446049250313e-16
0.1329675967466212,0.6736251575153596,0.27677334613813764,0.7853823678407339,0.0
0.14033215376054847,0.6681667704442265,0.26507486539213887,0.7853177271198648,1.342009018531613e-16
0.14810460488806748,0.6624850159728385,0.2535236362350706,0.785249585274399,2.220446049250313e-16
0.1563075417945816,0.6565747270734136,0.24213897129339504,0.7851777576842078,7.433293342242849e-17
0.164964807409802,0.6504310152331481,0.23093945907167981,0.7851020506112586,1.1102230246251565e-16
0.17410156523040154,0.6440493166798985,0.21994285578267395,0.7850222608289577,1.1102230246251565e-16
0.18374437246107259,0.6374254408954682,0.20916598493910726,0.7849381752476122,1.3264196965869574e-16
0.1939212572065829,0.630555621201624,0.19862464569209046,0.7848495705378985,1.1102230246251565e-16
0.20466179993919897,0.6234365671494955,0.18833353075369624,0.7847562127546072,0.0
0.21599721947827183,0.6160655183853573,0.17830615458604604,0.784657856963364,7.062108388684358e-17
0.22796046373189796,0.6084402996057163,0.16855479238013105,0.7845542468735234,6.992025875902071e-17
0.24058630546440657,0.6005593761530542,0.15909043018853866,0.7844451144809912,0.0
0.25391144336803473,0.592421909741599,0.1499227264207483,0.7843301797253894,0.0
0.26797460873256906,0.5840278137414945,0.14105998476074577,0.7842091501667046,1.1102230246251565e-16
0.28281667802300325,0.5753778073911407,0.13250913842681128,0.7840817206874062,0.0
0.2984807916924326,0.5664734682529993,0.12427574556438477,0.7839475732269793,0.0
0.31501247957553274,0.5573172821795745,0.11636399544610153,0.7838063765568882,1.1102230246251565e-16
0.332459793227094,0.5479126900155077,0.10877672504916792,0.7836577861052306,1.1102230246251565e-16
0.3508734455902711,0.538264130230683,0.10151544548933504,0.7835014438417128,1.278663145053758e-16
0.3703069584005139,0.5283770766598825,0.09458037771259947,0.7833369782351527,1.1102230246251565e-16
0.3908168177536264,0.5182580705186901,0.08797049677978273,0.7831640042974677,1.1102230246251565e-16
0.412462638290135,0.5079147458746821,0.08168358402450755,0.7829821237300856,0.0
0.43530733647318876,0.4973558477789302,0.07571628632081846,0.782790925190918,5.961683709663529e-17
0.4594173134636474,0.4865912423065355,0.07006418166182281,0.7825899847025014,5.860729995933602e-17
0.4848626481239078,0.47563191781702857,0.06472185022433687,0.7823788662246464,0.0
0.5117173007114605,0.4644899768261858,0.05968295007581248,0.7821571224179547,1.2458436563971627e-16
0.5400593278542372,0.4531786179797873,0.05494029666823781,0.7819242956278989,0.0
0.5699711094326075,0.44171210773609837,0.050485945258835804,0.7816799191227971,1.1102230246251565e-16
0.6015395880274835,0.43010574149586084,0.04631127539907956,0.7814235186229787,0.0
0.6348565216305216,0.4183757940640908,0.04240707664184175,0.7811546141627078,1.1102230246251565e-16
0.6700187503509587,0.4065394594842662,0.03876363463156956,0.7808727223309958,5.1017610446330555e-17
0.7071284778942997,0.3946147804492059,0.035370816764510565,0.7805773589422544,1.1102230246251565e-16
0.7462935686310134,0.38262056766039604,0.032218156635543393,0.7802680421927675,0.0
0.7876278611187055,0.370576309674622,0.029294936525329978,0.7799442963640835,0.0
0.8312514989890627,0.3585020739393403,0.02659026722649083,0.7796056561395717,1.1102230246251565e-16
0.8772912801613356,0.34641839987202205,0.024093164560271947,0.7792516716053205,1.1986883703047438e-16
0.925881025397395,0.33434618497968643,0.021792621995481664,0.7788819140111217,0.0
0.9771619672696171,0.32230656513929656,0.019677678848807015,0.7784959823711449,1.1102230246251565e-16
1.0312831606721846,0.3103207902643991,0.017737483619173138,0.7780935109867253,5.551115123125783e-17
1.0884019160690055,0.2984100966658029,0.015961352087507697,0.77767417797498,5.551115123125783e-17
1.1486842567375537,0.28659557747239633,0.014338819895791152,0.7772377148861781,1.1102230246251565e-16
1.2123054013376515,0.2748980525114748,0.012859689404061982,0.7767839174892176,1.1736683672762902e-16
1.2794502732078734,0.2633379390560882,0.011514070709425157,0.776312657797377,0.0
1.3503140378698721,0.25193512483075964,0.010292416795309274,0.7758238973947482,3.5712829543163477e-17
1.4251026703029979,0.24070884462806344,0.009185552860456093,0.7753177021063021,0.0
1.5040335536380236,0.22967756182933988,0.008184699953717092,0.7747942580301292,6.478089449440587e-17
1.5873361110102087,0.21885885604612768,0.00728149311111833,0.7742538889176954,0.0
1.6752524724082138,0.20826931800803603,0.006467994254494927,0.7736970748454896,0.0
1.7680381784572068,0.19792445272117185,0.005736700165229048,0.7731244720678213,3.000069688599297e-17
1.865962923181746,0.18783859181236853,0.005080545891449457,0.7725369338743936,6.258302617191223e-17
1.9693113379074219,0.17802481586146396,0.004492903982031052,0.771935532196574,0.0
2.0783838185797574,0.168494887409535,0.00396757996570552,0.7713215796123684,6.161846343319067e-17
2.1934973989050577,0.15925919521741122,0.0034988045087522538,0.7706966512920234,2.5696960042725085e-17
2.3149866718511607,0.15032671023735672,0.0030812226905095625,0.7700626063049724,5.551115123125783e-17
2.443204762186487,0.14170495365210992,0.00270988083302572,0.7694216075768573,5.551115123125783e-17
2.5785243528842736,0.13339997722922153,0.0023802113104524673,0.768776139646626,5.996211634911656e-17
2.721338768375306,0.1254163561338307,0.0020880157462865967,0.7681290232343135,5.551115123125783e-17
2.872063117797828,0.11775719423795805,0.0018294469834204395,0.7674834254984791,0.0
3.0311355015675763,0.11042414185697251,0.0016009901843347212,0.7668428647493747,2.7755575615628914e-17
3.1990182847750637,0.10341742573174058,0.001399443387820143,0.7662112083032193,2.7755575615628914e-17
3.3761994411113365,0.09673589095590542,0.0012218978154628997,0.7655926621301625,2.7755575615628914e-17
3.5631939712285843,0.09037705441994577,0.0010657181868163985,0.7649917509807972,5.81217672002518e-17
3.760545399658168,0.08433716920618271,0.0009285232676455254,0.7644132877908916,0.0
3.968827354637162,0.07861129922180919,0.0008081668416805963,0.7638623313773427,2.7755575615628914e-17
4.188645235435271,0.07319340320185799,0.0007027192636450535,0.7633441317625183,0.0
4.42063797202853,0.06807642705386692,0.0006104497204710731,0.7628640629050906,1.4075089385241564e-17
4.6654798822344725,0.06325240335559587,0.0005298092990033975,0.7624275431700065,1.3349824516559384e-17
4.923882631706737,0.058712556662831684,0.0004594149324154916,0.7620399445235088,0.0
5.196597302486197,0.05444741314374401,0.0003980342741871218,0.7617064921628004,1.1973352318646228e-17
5.484416576121015,0.05044691293803573,0.00034457152791007715,0.7614321570416329,1.1321906333434592e-17
5.788177037701274,0.04670052355218299,0.0002980542433778928,0.7612215444777023,2.974474486537347e-17
6.108761607505033,0.043197352554928126,0.0002576210743061736,0.7610787826608529,5.642100806456288e-17
6.44710210732387,0.0399262578371881,0.00022251048047733363,0.7610074153547186,9.512450787349817e-18
6.804181968927094,0.036875953752960655,0.00019205034694334906,0.7610103033345068,0.0
7.181039092537349,0.034035111565121595,0.00016564848493406468,0.7610895390786294,1.3877787807814457e-17
7.578768863625922,0.031392452781345476,0.00014278397309750186,0.7612463789012381,1.3877787807814457e-17
7.998527336796708,0.0289368341761904,0.00012299929340565472,0.761481196073575,0.0
8.441534596012977,0.02665732354753333,0.00010589321327092148,0.7617934575629459,1.5526445343598245e-17
8.909078300934134,0.02454326553768889,9.111436391356749e-05,0.762181725878587,0.0
9.402517429670123,0.02258433714799869,7.835546459062567e-05,0.7626436862391953,1.5158116792889345e-17
9.923286228832545,0.02077059287542595,6.734814274920804e-05,0.7631761979698689,5.6958381557074494e-18
10.472898382363585,0.019092499685694944,5.785830132752856e-05,0.7637753678040947,0.0
11.05295141126021,0.0175409622959483,4.9681986135972544e-05,0.7644366417089252,4.953436490877027e-18
11.665131316981961,0.01610733945930847,4.2641708375150124e-05,0.7651549110487819,1.3877787807814457e-17
12.311217482038895,0.014783452115884258,3.658317976267134e-05,0.7659246284074404,1.3877787807814457e-17
12.993087842004158,0.01356158439513576,3.137242034969526e-05,0.7667399282180952,3.982478053542957e-18
13.712724343983995,0.012434478522374864,2.6893201822811242e-05,0.7675947474950484,1.436116494570596e-17
14.472218707411344,0.011395324700288596,2.3044791839280277e-05,0.7684829423767281,1.4293850575656147e-17
15.273778503907124,0.010437747010368677,1.9739967675977527e-05,0.7693983968173626,6.938893903907228e-18
16.11973357388157,0.009555786316704154,1.69032701412019e-05,0.7703351205316222,1.4183698733854744e-17
17.012542798525875,0.008743881064601888,1.4469471270903073e-05,0.7712873341288442,6.938893903907228e-18
17.954801246878304,0.007996846758085091,1.2382231780285377e-05,0.7722495402030946,7.374272865657335e-18
18.949247718738196,0.007309854782177967,1.0592926552796569e-05,0.7732165799160385,2.300512926393915e-18
19.99877270535285,0.006678411115678157,9.059618610369997e-06,0.7741836752802069,6.938893903907228e-18
21.106426791015526,0.006098335364134423,7.746164015969062e-06,0.7751464578954453,7.207052045371262e-18
22.275429519995562,0.00556574043570398,6.621432010140169e-06,0.7761009853007342,7.807387413272549e-18
23.509178754572844,0.00507701308763967,5.658626381149971e-06,0.777043746379192,0.0
24.81126055137768,0.0046287954900953495,4.8346956160447545e-06,0.7779716574073248,0.0
26.185459584742325,0.004217967887285822,4.129820785425092e-06,0.778882050387974,6.938893903907228e-18
27.635770147361573,0.0038416323833867054,3.526971385386214e-06,0.7797726552705213,0.0
29.16640776023704,0.003497097840821564,3.0115205026586464e-06,0.7806415775629891,6.938893903907228e-18
30.78182142565077,0.0031818658502375703,2.5709116959364855e-06,0.781487272698741,1.0549691869065436e-18
32.486706558783744,0.002893617712769683,2.1943709025044147e-06,0.7823085183531876,6.938893903907228e-18
34.28601863556583,0.00263020236434288,1.8726574973336232e-06,0.7831043857278062,3.578962424814523e-18
36.18498759642746,0.002389625167038434,1.5978493580113112e-06,0.78387421064128,3.5606783744405946e-18
38.1891330478185,0.002170037492391554,1.3631574330865255e-06,0.7846175650989188,0.0
40.30428030568051,0.001969727024535743,1.1627658806442562e-06,0.7853342298572473,3.5324114588802574e-18
42.53657732750383,0.0017871087162359138,9.916943467782374e-07,0.7860241683640021,0.0
44.89251258218603,0.001620716337152817,8.456793954532908e-07,0.7866875023361058,5.490147214698059e-19
47.37893390963139,0.0014691945604658383,7.210724905340345e-07,0.7873244891395629,3.5051135959011465e-18
50.0030684249109,0.0013312915407418513,6.147522710436877e-07,0.7879355010546962,3.498874069890167e-18
52.77254352483532,0.0012058519423304673,5.240491595020718e-07,0.7885210064461753,0.0
55.6954090580013,0.0010918103833709905,4.4668060405966214e-07,0.7890815528080178,3.469446951953614e-18
58.780160722749116,0.0009881852655980626,3.806954824211004e-07,0.7896177516171309,3.4858524234205366e-18
62.035764761042685,0.0008940729644910308,3.244263944237638e-07,0.7901302649030219,3.482918966868056e-18
65.47168402004736,0.0008086423579391438,2.764487424123848e-07,0.7906197934241471,2.771465131724199e-19
69.09790545715639,0.0007311296745412857,2.355456487760416e-07,0.7910870663312676,1.7527690910313115e-18
72.92496916841444,0.0006608336449965814,2.006778902430035e-07,0.7915328321936308,2.269818710399514e-19
76.96399902471151,0.0005971109418532957,1.7095814154615255e-07,0.791957851263488,2.0528843245549888e-19
81.22673500479712,0.0005393718942538461,1.456289188528635e-07,0.7923628888573002,1.7446236851630795e-18
85.72556731909316,0.00048707646532616185,1.2404369805456738e-07,0.7927487097370773,1.734723475976807e-18
90.47357242349293,0.0004397304806023276,1.056507563327824e-07,0.793116073381895,1.5153639490133463e-19
95.48455102782283,0.0003968820963628046,8.997934845130862e-08,0.7934657300471799,0.0
100.77306820944597,0.0003581184971662622,7.662788398256383e-08,0.7937984175173864,1.734723475976807e-18
106.35449574860112,0.00032306281208079767,6.525381868877957e-08,0.7941148584658708,0.0
112.24505680853059,0.0002913712393207146,5.556501380018219e-08,0.7944157583438454,0.0
118.46187309026824,0.00026273036914577994,4.731235189910424e-08,0.7947018037280993,1.734723475976807e-18
125.02301459914534,0.0002368546950201977,4.028342818519978e-08,0.7949736610645652,1.734723475976807e-18
131.9475521676706,0.0002134843031734292,3.429716173217318e-08,0.7952319757517324,7.38219489648463e-20
139.2556128874462,0.00019238273086637575,2.9199193538748905e-08,0.7954773715143004,6.654663779356787e-20
146.96843861124444,0.00017333498385130753,2.4857957320150382e-08,0.7957104500233294,1.734723475976807e-18
155.10844769528404,0.0001561457037261356,2.116132533959455e-08,0.7959317907244656,0.0
163.69930016117019,0.00014063747612419925,1.8013745635772812e-08,0.7961419508406239,0.0
172.76596646690348,0.00012664927094883498,1.5333799071627745e-08,0.7963414655198231,0.0
182.33480008684387,0.00011403500615504249,1.3052115018126547e-08,0.7965308481027132,8.682603876405308e-19
192.433614111598,0.00010266222689552094,1.1109593241881476e-08,0.796710590487755,8.680904083562736e-19
203.09176209047348,9.241089218115155e-05,9.45588730146693e-09,0.7968811635750349,3.201500017198603e-20
214.34022335148546,8.317226155274312e-05,8.048111108972816e-09,0.7970430177723663,8.678403597885502e-19
226.21169304690218,7.484787461731177e-05,6.849736021441465e-09,0.7971965835496687,8.677494683296763e-19
238.7406771860647,6.734861666436254e-05,5.8296504680879834e-09,0.7973422720296726,2.3341489410204803e-20
251.96359293170136,6.0593863941972786e-05,4.961358289479194e-09,0.7974804756047859,8.673617379884035e-19
265.9188744512691,5.451070253549e-05,4.2222953848536385e-09,0.7976115685715242,0.0
280.64708463098333,4.903321515034347e-05,3.5932472717756253e-09,0.7977359077752598,1.699865829877196e-20
296.19103297725536,4.410183045243222e-05,3.0578527219007898e-09,0.7978538332592251,4.339503286554349e-19
312.5959000482278,3.96627299623191e-05,2.6021807707742044e-09,0.7979656689127176,4.336808689942018e-19
329.90936877709356,3.566730783152742e-05,2.214370301706348e-09,0.7980717231143385,0.0
348.18176306889666,3.207167914904306e-05,1.8843229732633253e-09,0.7981722893668444,4.338234466803584e-19
367.46619407366876,2.883623273252675e-05,1.6034416086552208e-09,0.7982676469208445,0.0
387.81871456107194,2.592522465114741e-05,1.3644073414489921e-09,0.79835806138513,0.0
409.2984818452434,2.3306409004632917e-05,1.160989785645855e-09,0.7984437853218936,4.337561893688645e-19
431.96792973341735,2.0950702745991655e-05,9.878853503460239e-10,0.7985250588255056,0.0
455.8929499981059,1.8831881583221242e-05,8.4057953306238e-10,0.7986021100838478,4.337300529655754e-19
481.14308390032545,1.692630422828854e-05,7.152296420051552e-10,0.7986751559215042,0.0
507.7917243205393,1.5212662480080004e-05,6.085649237146107e-10,0.7987444023243453,4.336808689942018e-19
535.9163290848514,1.367175483207127e-05,5.178015234467981e-10,0.798810044945249,0.0
565.5986461065002,1.228628148574892e-05,4.405700671904905e-10,0.7988722695908738,2.168404344971009e-19
596.9249509970728,1.1040658827794535e-05,3.748540052580379e-10,0.7989312526895352,2.1687425296531397e-19
629.986297838068,9.920851593246124e-06,3.1893711695089866e-10,0.7989871617403613,2.168404344971009e-19
664.8787838417263,8.914221088963902e-06,2.713588162766428e-10,0.7990401557439892,0.0
701.7038286703822,8.00938799232806e-06,2.3087610252423008e-10,0.7990903856151476,0.0
740.5684692262427,7.196108369836354e-06,1.9643116994094711e-10,0.799137994577526,2.168404344971009e-19
781.585670768409,6.4651616797910694e-06,1.671238336522357e-10,0.7991831185413856,2.168404344971009e-19
824.8746552614581,5.808249633218349e-06,1.4218805646781796e-10,0.799225886464392,4.336855498807466e-19
870.5612479099856,5.217904888149209e-06,1.209719728903491e-10,0.7992664206961897,2.168479899900482e-19
918.7782428863321,4.6874086450247835e-06,1.029208782001717e-10,0.7993048373072473,0.0
969.6657893145521,4.210716295860422e-06,8.756275869312158e-11,0.7993412464025181,1.4607876662066889e-21
1023.3717986325192,3.7823903574686295e-06,7.449596690391191e-11,0.7993757524204644,1.312201163474019e-21
1080.0523745162518,3.39753999003038e-06,6.337873964794988e-11,0.7994084544180013,0.0
1139.8722666160502,3.051766467122619e-06,5.3920272652212275e-11,0.7994394463419037,0.0
1203.005349423324,2.7411140224522188e-06,4.5873124960085776e-11,0.799468817287224,0.0
1269.6351276599728,2.46202555244047e-06,3.9026756327477374e-11,0.7994966517432537,0.0
1339.955269659337,2.2113027028837317e-06,3.3202025764150767e-11,0.799523029827554,0.0
1414.1701702890211,1.9860699125804404e-06,2.824651059926686e-11,0.7995480275085671,0.0
1492.4955450518291,1.7837420274191014e-06,2.40305233394425e-11,0.799571716817311,0.0
1575.1590570916212,1.6019951353161533e-06,2.044372093487623e-11,0.7995941660486374,5.5578950380841945e-22
1662.4009789266102,1.4387403059008683e-06,1.739222090998971e-11,0.7996154399525282,0.0
1754.4748908334595,1.2920999492320824e-06,1.4796146187608106e-11,0.7996355999158806,1.0842114397739525e-19
1851.6484179121542,1.160386535413334e-06,1.2587536048214165e-11,0.7996547041352244,0.0
1954.2040079740514,1.042083441951516e-06,1.0708569664688583e-11,0.7996728077807884,1.0842021724855044e-19
2062.4397525140885,9.358277183452719e-07,9.110052989758088e-12,0.7996899631523287,3.2467561041012843e-22
2176.6702531534593,8.403945778855742e-07,7.750132079067246e-12,0.7997062198271045,2.9156652732871477e-22
2297.227536071151,7.546834451995073e-07,6.593198263824679e-12,0.7997216248003816,5.421010862427522e-20
2424.462017082326,6.777054048529306e-07,5.608956224825712e-12,0.7997362226188186,0.0
2558.743520168584,6.085719114994756e-07,4.771631820135042e-12,0.7997500555070841,0.0
2700.4623524206822,5.464846357812089e-07,4.059296735553497e-12,0.7997631634880331,5.421010862427522e-20
2850.0304385181053,4.907263325814864e-07,3.4532954295597718e-12,0.7997755844967578,0.0
3007.882518043096,4.406526294248567e-07,2.937756320760959e-12,0.7997873544888144,5.421032419807777e-20
3174.4774091091867,3.956846429275449e-07,2.4991766468807075e-12,0.799798507542916,5.421028244535023e-20
3350.2993419772297,3.5530234032815224e-07,2.1260689064307725e-12,0.7998090759583613,1.2326956223285124e-22
3535.859366535176,3.190385713631619e-07,1.8086601010283698e-12,0.7998190903474662,1.106881755129079e-22
3731.696837732748,2.864737031803027e-07,1.5386358636834685e-12,0.7998285797232472,0.0
3938.380983288481,2.5723079768351966e-07,1.3089229678429903e-12,0.7998375715825906,5.421018208450684e-20
4156.512558225988,2.3097127674824263e-07,1.1135037390839347e-12,0.7998460919851421,5.421016785168445e-20
4386.725591048495,2.073910261874435e-07,9.47258737378151e-13,0.7998541656281241,2.710514981502496e-20
4629.689226627258,1.862168942644484e-07,8.058329394391994e-13,0.7998618159172938,0.0
4886.109671160326,1.6720354496735364e-07,6.85521111447665e-13,0.7998690650342345,2.710505431213761e-20
5156.732244854963,1.501306302492969e-07,5.831712879527523e-13,0.7998759340001649,5.421020871788476e-20
5442.34354830026,1.3480024902665098e-07,4.961019659313615e-13,0.7998824427364477,2.710509465989672e-20
5743.773748826575,1.2103466396314363e-07,4.220319026974201e-13,0.7998886101219619,0.0
6061.8989934975725,1.086742499760894e-07,3.5902045767734203e-13,0.799894454047502,0.0
6397.643955748424,9.757565102555719e-08,3.054166078028664e-13,0.7998999914673539,3.38533016843866e-23
6751.984523072494,8.761012410532688e-08,2.5981593178986406e-13,0.799905238448194,2.710505431213761e-20
7125.950633568396,7.86620514789842e-08,2.2102350331898446e-13,0.7999102102154473,2.7105068051594313e-20
7520.629269592407,7.062760411443228e-08,1.8802293706363105e-13,0.7999149211972378,2.710505431213761e-20
7937.167617217543,6.341354099270673e-08,1.5994947337102938e-13,0.7999193850660504,0.0
8376.776400682907,5.6936130511629714e-08,1.3606753527725668e-13,0.7999236147782278,1.3552527156068805e-20
8840.733401525045,5.112018159825567e-08,1.157512941833e-13,0.7999276226114095,1.355253876130813e-20
9330.38717262036,4.5898173396571956e-08,9.846843392752325e-14,0.7999314202000215,1.3552527156068805e-20
9847.160957933764,4.120947352203508e-08,8.376600194731632e-14,0.7999350185689174,0.0
10392.55682936711,3.6999635888171015e-08,7.125875410574078e-14,0.799938428165265,2.7105057351864656e-20
10968.16005273138,3.321977002153644e-08,6.061900384869007e-14,0.7999416588887706,0.0
11575.643695533035,2.982597459909762e-08,5.1567813062237955e-14,0.7999447201203276,1.3552531106632158e-20
12216.773489967905,2.677882868033003e-08,4.3868080283789024e-14,0.7999476207491688,0.0
12893.41296525713,2.4042934766580717e-08,3.73179812789351e-14,0.7999503691986015,0.0
13607.528864243332,2.1586508416505594e-08,3.1745900396298876e-14,0.7999529734504011,7.489321996957347e-24
14361.196859990772,1.938100968085147e-08,2.7005795603246563e-14,0.7999554410679274,1.3552527156068805e-20
15156.607589006013,1.7400812101157096e-08,2.297344443586563e-14,0.7999577792180361,1.355252850071799e-20
15996.073018614845,1.5622905448608974e-08,1.95431507348659e-14,0.7999599946918439,1.3552527156068805e-20
16882.03316700363,1.4026628767987733e-08,1.662507479772979e-14,0.7999620939244082,0.0
17817.06319545729,1.2593430641133474e-08,1.4142692279870556e-14,0.799964083013379,4.369223075071225e-24
18803.88089340913,1.1306653897218526e-08,1.2030978155993383e-14,0.7999659677366746,0.0
19845.35457805799,1.015134227964565e-08,1.023456357640215e-14,0.7999677535692334,1.3552527156068805e-20
20944.511431514686,9.114066832611852e-09,8.706380614283832e-15,0.7999694456988892,0.0
22104.546299710193,8.182769997708107e-09,7.406374775628666e-15,0.7999710490414154,6.776263578034403e-21
23328.830978641534,7.346625615602339e-09,6.300468230902717e-15,0.7999725682547834,1.3552527395756607e-20
24620.924014946253,6.595913211706541e-09,5.359706005837045e-15,0.7999740077526739,2.288416857303348e-24
25984.581049292472,5.921905109324396e-09,4.55940217221687e-15,0.7999753717172804,0.0
27423.765732649466,5.31676506269094e-09,3.8786045230589095e-15,0.7999766641114432,6.776263578034403e-21
28942.66124716746,4.773457234927241e-09,3.2994779326257773e-15,0.799977888690149,6.776263780413762e-21
30545.682465154317,4.285664466028836e-09,2.806802912921208e-15,0.7999790490114256,0.0
32237.48878149027,3.8477148832545566e-09,2.38769101061978e-15,0.7999801484466693,6.7762637095284e-21
34022.997656780644,3.454516002922071e-09,2.031174843120445e-15,0.799981190190429,6.776264002003854e-21
35907.39891061048,3.1014955594000854e-09,1.7278794497629923e-15,0.7999821772696788,0.0
37896.16980644716,2.7845483748752464e-09,1.4698799902929105e-15,0.7999831125526051,6.776263646901172e-21
39995.09097203661,2.499988653545144e-09,1.2504002011321652e-15,0.7999839987569324,8.67357766704997e-25
42210.263201568945,2.2445071466403986e-09,1.0636870345030053e-15,0.7999848384578134,0.0
44548.1251884498,2.015132691280937e-09,9.04861580629246e-16,0.7999856340953064,6.991395748168261e-25
47015.472240221294,1.8091976766513567e-09,7.69753049278607e-16,0.7999863879814593,6.276915183070038e-25
49619.47603002898,1.6243070366963167e-09,6.548140664679875e-16,0.7999871023070231,0.0
52367.70544204645,1.4583104093639015e-09,5.5703597116874e-16,0.799987779147814,3.388131826794434e-21
55268.14857144592,1.3092771391048073e-09,4.738573357483677e-16,0.7999884204707417,3.3881317890172014e-21
58329.235942862004,1.1754738323932045e-09,4.0310297959832153e-16,0.799989028139521,3.388131887195638e-21
61559.86501483501,1.0553442056169128e-09,3.4291281836643095e-16,0.7999896039200851,3.3881318088013995e-21
64969.42604146111,9.47490991213591e-10,2.91707982639014e-16,0.7999901494857142,0.0
68567.82936641738,8.506596919887735e-10,2.4815016035940884e-16,0.7999906664218956,3.3881318018713084e-21
72365.5342286965,7.637239948595398e-10,2.1109755111471673e-16,0.7999911562309294,3.3881317890172014e-21
76373.57916378012,6.856726745037295e-10,1.795760670155952e-16,0.7999916203362919,1.6940659112115776e-21
80603.61408861328,6.155978348655085e-10,1.5276408610320757e-16,0.7999920600867705,1.6940658945086007e-21
85067.93416364153,5.526843518129478e-10,1.2995348883364927e-16,0.7999924767603822,0.0
89779.51553033314,4.962003942938543e-10,1.1054796401205325e-16,0.799992871568086,1.6940659032559085e-21
94752.05302806527,4.45488913867101e-10,9.404098593596144e-17,0.7999932456573007,1.6940659015593294e-21
100000.0,3.9996000364043256e-10,7.999887373637965e-17,0.799993600115239,1.6940658945086007e-21
